Gender1F,Gender1M,Place,Year,NumberOfAuthors,Conference,Gender2F,Gender2M,Gender3F,Gender3M,Gender4F,Gender4M,Gender5F,Gender5M,Gender6F,Gender6M,Gender7F,Gender7M,Gender8F,Gender8M,Gender9F,Gender9M,Gender10F,Gender10M,Gender11F,Gender11M,Gender12F,Gender12M,Gender13F,Gender13M,Gender14F,Gender14M,Gender15F,Gender15M,Gender16F,Gender16M,Gender17F,Gender17M,Gender11,Gender21,Gender31,Gender41,Gender51,Gender61,Gender71,Gender81,Gender91,Gender101,Gender111,Gender121,Gender131,Gender141,Gender151,Gender161,Gender171,AllAuthors,Title
0,1,China,2017,1,ICMC,0,0,0,0,0,0,0,0,0,0,0,0,0,0,0,0,0,0,0,0,0,0,0,0,0,0,0,0,0,0,0,0,0,0,0,0,0,0,0,0,0,0,0,0,0,0,0,0,0,['Rhys, Paul'],Granular Synthesis as Fractal Micropolyphony
0,1,China,2017,2,ICMC,1,0,0,0,0,0,0,0,0,0,0,0,0,0,0,0,0,0,0,0,0,0,0,0,0,0,0,0,0,0,0,0,0,0,0,0,0,0,0,0,0,0,0,0,0,0,0,0,0,['Heim, Brian', ' Quick, Donya'],Recursive Generation of Rhythmic Structures with PTGGs
0,1,China,2017,2,ICMC,0,1,0,0,0,0,0,0,0,0,0,0,0,0,0,0,0,0,0,0,0,0,0,0,0,0,0,0,0,0,0,0,0,0,0,0,0,0,0,0,0,0,0,0,0,0,0,0,0,['Ince, Can', ' Toka, Mert'],Siren: Hierarchical Composition Interface
0,0,China,2017,3,ICMC,0,1,0,1,0,0,0,0,0,0,0,0,0,0,0,0,0,0,0,0,0,0,0,0,0,0,0,0,0,0,0,0,1,0,0,0,0,0,0,0,0,0,0,0,0,0,0,0,0,['Hong, Yu', ' Chau, Chuck-Jee', ' Horner, Andrew'],Mode and Register Categorizations for Predicting Mood in Classical Piano Music2
1,0,China,2017,4,ICMC,0,1,0,1,0,1,0,0,0,0,0,0,0,0,0,0,0,0,0,0,0,0,0,0,0,0,0,0,0,0,0,0,0,0,0,0,0,0,0,0,0,0,0,0,0,0,0,0,0,['Ni, Xiuyan', ' Ma, Weicheng', ' Ni, Zhaoheng', ' Haralick, Robert'],A Sep2Tree Model for Recognizing Synthetic Bach Chorales
1,0,China,2017,2,ICMC,0,1,0,0,0,0,0,0,0,0,0,0,0,0,0,0,0,0,0,0,0,0,0,0,0,0,0,0,0,0,0,0,0,0,0,0,0,0,0,0,0,0,0,0,0,0,0,0,0,['Quick, Donya', ' Morrison, Clayton T.'],Composition by Conversation
0,1,China,2017,2,ICMC,0,1,0,0,0,0,0,0,0,0,0,0,0,0,0,0,0,0,0,0,0,0,0,0,0,0,0,0,0,0,0,0,0,0,0,0,0,0,0,0,0,0,0,0,0,0,0,0,0,['Yu, Coleman', ' Chi-Wing Wong, Raymond'],A Melody Composer for both Tonal and Non-Tonal Languages
0,1,China,2017,3,ICMC,0,1,0,1,0,0,0,0,0,0,0,0,0,0,0,0,0,0,0,0,0,0,0,0,0,0,0,0,0,0,0,0,0,0,0,0,0,0,0,0,0,0,0,0,0,0,0,0,0,['Fober, Dominique', ' Orlarey, Yann', ' Letz, Stephane'],INScore Time Model
0,0,China,2017,3,ICMC,1,0,0,1,0,0,0,0,0,0,0,0,0,0,0,0,0,0,0,0,0,0,0,0,0,0,0,0,0,0,0,0,1,0,0,0,0,0,0,0,0,0,0,0,0,0,0,0,0,['Celerier, Jean-Micha√´l', ' Desainte-Catherine, Myriam', ' Couturier, Jean-Michel'],Extending dataflows with temporal graphs
0,1,China,2017,4,ICMC,0,1,0,1,0,1,0,0,0,0,0,0,0,0,0,0,0,0,0,0,0,0,0,0,0,0,0,0,0,0,0,0,0,0,0,0,0,0,0,0,0,0,0,0,0,0,0,0,0,['Giavitto, Jean-Louis', ' Echeveste, Jos√©', ' Cont, Arshia', ' Cuvillier, Philippe'],Time, Timelines and Temporal Scopes in the Antescofo DLS v1.0
0,1,China,2017,4,ICMC,0,1,0,1,0,1,0,0,0,0,0,0,0,0,0,0,0,0,0,0,0,0,0,0,0,0,0,0,0,0,0,0,0,0,0,0,0,0,0,0,0,0,0,0,0,0,0,0,0,['He, Jingyin', ' Murphy, Jim', ' Carnegie, Dale A.', ' Kapur, Ajay'],Investigating Guqin Left Hand Modulation Techniques
0,1,China,2017,1,ICMC,0,0,0,0,0,0,0,0,0,0,0,0,0,0,0,0,0,0,0,0,0,0,0,0,0,0,0,0,0,0,0,0,0,0,0,0,0,0,0,0,0,0,0,0,0,0,0,0,0,['Vincenot, Julien'],LISP in Max: Exploratory Computer-Aided Composition in Real-Time
0,1,China,2017,1,ICMC,0,0,0,0,0,0,0,0,0,0,0,0,0,0,0,0,0,0,0,0,0,0,0,0,0,0,0,0,0,0,0,0,0,0,0,0,0,0,0,0,0,0,0,0,0,0,0,0,0,['Nishino, Hiroki'],Update-caching Technique for Unit-generator-based Sound Synthesis
0,1,China,2017,3,ICMC,1,0,0,1,0,0,0,0,0,0,0,0,0,0,0,0,0,0,0,0,0,0,0,0,0,0,0,0,0,0,0,0,0,0,0,0,0,0,0,0,0,0,0,0,0,0,0,0,0,['Michon, Romain', ' Martin, Sara R.', ' Smith, Julius O.'],MESH2FAUST: a Modal Physical Model Generator for the Faust Programming Language - Application to Bell Modeling
0,1,China,2017,1,ICMC,0,0,0,0,0,0,0,0,0,0,0,0,0,0,0,0,0,0,0,0,0,0,0,0,0,0,0,0,0,0,0,0,0,0,0,0,0,0,0,0,0,0,0,0,0,0,0,0,0,['Dannenberg, Roger B.'],Time-Flow Concepts and Architectures For Music and Media Synchronization
1,0,China,2017,4,ICMC,0,1,0,1,0,1,0,0,0,0,0,0,0,0,0,0,0,0,0,0,0,0,0,0,0,0,0,0,0,0,0,0,0,0,0,0,0,0,0,0,0,0,0,0,0,0,0,0,0,['Wu, Jiayue Cecilia', ' Smith, Julius O.', ' Zhou, Yijun', ' Wright, Matthew James'],"Embodied Sonic Meditation and its Proof-of-Concept: ""Resonance of the Heart"""
0,1,China,2017,3,ICMC,1,0,0,1,0,0,0,0,0,0,0,0,0,0,0,0,0,0,0,0,0,0,0,0,0,0,0,0,0,0,0,0,0,0,0,0,0,0,0,0,0,0,0,0,0,0,0,0,0,['Yang, Jian', ' Huang, Ying', ' Everett, William'],Callas as Violetta: A Computer-Assisted Study on Her Recorded Performances of La Traviata
1,0,China,2017,3,ICMC,0,1,0,1,0,0,0,0,0,0,0,0,0,0,0,0,0,0,0,0,0,0,0,0,0,0,0,0,0,0,0,0,0,0,0,0,0,0,0,0,0,0,0,0,0,0,0,0,0,['Ouzounian, Gascia', ' Haworth, Christopher', ' Bennett, Peter'],Speculative Designs: Towards a Social Music
0,1,China,2017,1,ICMC,0,0,0,0,0,0,0,0,0,0,0,0,0,0,0,0,0,0,0,0,0,0,0,0,0,0,0,0,0,0,0,0,0,0,0,0,0,0,0,0,0,0,0,0,0,0,0,0,0,['Ciciliani, Marko'],Token of Enunciation in Multimedia Performance
0,1,China,2017,2,ICMC,0,1,0,0,0,0,0,0,0,0,0,0,0,0,0,0,0,0,0,0,0,0,0,0,0,0,0,0,0,0,0,0,0,0,0,0,0,0,0,0,0,0,0,0,0,0,0,0,0,['P√©rez, Germ√°n Toro', ' Bennett, Lucas'],Performance Practice of Electroacoustic Music. Towards a practice-based exchange between musicology and performance
1,0,China,2017,1,ICMC,0,0,0,0,0,0,0,0,0,0,0,0,0,0,0,0,0,0,0,0,0,0,0,0,0,0,0,0,0,0,0,0,0,0,0,0,0,0,0,0,0,0,0,0,0,0,0,0,0,['Akkermann, Miriam'],"""This hardware is now obsolete."" Marc-Andr√© Dalbavie's Diad√®mes"
1,0,China,2017,3,ICMC,0,1,0,1,0,0,0,0,0,0,0,0,0,0,0,0,0,0,0,0,0,0,0,0,0,0,0,0,0,0,0,0,0,0,0,0,0,0,0,0,0,0,0,0,0,0,0,0,0,['Terasaki, Shiori', ' Takegawa, Yoshinari', ' Hirata, Keiji'],Proposal of Score-Following Reflecting Gaze Information on Cost of DP matching
0,0,China,2017,3,ICMC,0,1,0,1,0,0,0,0,0,0,0,0,0,0,0,0,0,0,0,0,0,0,0,0,0,0,0,0,0,0,0,0,1,0,0,0,0,0,0,0,0,0,0,0,0,0,0,0,0,['Kumaki, Marimo', ' Takegawa, Yoshinari', ' Hirata, Keiji'],Evaluation of Positioning Learning Support System using True information and False Information and Vague Information for Violin Beginner
1,0,China,2017,2,ICMC,0,1,0,0,0,0,0,0,0,0,0,0,0,0,0,0,0,0,0,0,0,0,0,0,0,0,0,0,0,0,0,0,0,0,0,0,0,0,0,0,0,0,0,0,0,0,0,0,0,['Steinmeier, Christine', ' Becking, Dominic'],Visual Feedback for DDMM: A Simple Approach for Connecting and Synchronizing Unity Animations with Events from VST Plugins
0,1,China,2017,1,ICMC,0,0,0,0,0,0,0,0,0,0,0,0,0,0,0,0,0,0,0,0,0,0,0,0,0,0,0,0,0,0,0,0,0,0,0,0,0,0,0,0,0,0,0,0,0,0,0,0,0,['Guedes, Carlos'],Real-Time Composition, why it still matters: A look at recent developments and potentially new and interesting applications
0,1,China,2017,3,ICMC,0,1,0,1,0,0,0,0,0,0,0,0,0,0,0,0,0,0,0,0,0,0,0,0,0,0,0,0,0,0,0,0,0,0,0,0,0,0,0,0,0,0,0,0,0,0,0,0,0,['Zappi, Victor', ' Allen, Andrew', ' Fels, Sidney'],The Hyper Drumhead: Making Music with a Massive Real-time Physical Model
0,1,China,2017,1,ICMC,0,0,0,0,0,0,0,0,0,0,0,0,0,0,0,0,0,0,0,0,0,0,0,0,0,0,0,0,0,0,0,0,0,0,0,0,0,0,0,0,0,0,0,0,0,0,0,0,0,['Bradbury, James'],Biomimicry: Analysis Of A Corpus-Based Interactive Improvisational System
0,1,China,2017,1,ICMC,0,0,0,0,0,0,0,0,0,0,0,0,0,0,0,0,0,0,0,0,0,0,0,0,0,0,0,0,0,0,0,0,0,0,0,0,0,0,0,0,0,0,0,0,0,0,0,0,0,['Tremblay, Pierre Alexandre'],Tuning to Trust: System Calibration as Creative Enabler
0,1,China,2017,5,ICMC,0,1,1,0,1,0,0,1,0,0,0,0,0,0,0,0,0,0,0,0,0,0,0,0,0,0,0,0,0,0,0,0,0,0,0,0,0,0,0,0,0,0,0,0,0,0,0,0,0,['Schwarz, Diemo', ' Lorieux, Gr√©goire', ' Liz√®re, Emmanuelle', ' Tarr√®s, Ariadna Alsina', ' Bevilacqua, Fr√©d√©ric'],A Topo-Phonic Table for Tangible Sonic Interaction
0,1,China,2017,1,ICMC,0,0,0,0,0,0,0,0,0,0,0,0,0,0,0,0,0,0,0,0,0,0,0,0,0,0,0,0,0,0,0,0,0,0,0,0,0,0,0,0,0,0,0,0,0,0,0,0,0,['Hancock, Oliver'],Musical control of Granular Textures generated by Iterated Function Systems
0,1,China,2017,2,ICMC,0,1,0,0,0,0,0,0,0,0,0,0,0,0,0,0,0,0,0,0,0,0,0,0,0,0,0,0,0,0,0,0,0,0,0,0,0,0,0,0,0,0,0,0,0,0,0,0,0,['Tan, Timothy S.', ' Lindborg, PerMagnus'],Sonic Explorations of Gumowski-Mira Maps
0,1,China,2017,1,ICMC,0,0,0,0,0,0,0,0,0,0,0,0,0,0,0,0,0,0,0,0,0,0,0,0,0,0,0,0,0,0,0,0,0,0,0,0,0,0,0,0,0,0,0,0,0,0,0,0,0,['James, Stuart'],A Novel approach to Timbre Morphology: Audio-rate control of Additive Synthesis
0,1,China,2017,1,ICMC,0,0,0,0,0,0,0,0,0,0,0,0,0,0,0,0,0,0,0,0,0,0,0,0,0,0,0,0,0,0,0,0,0,0,0,0,0,0,0,0,0,0,0,0,0,0,0,0,0,['Lindborg, PerMagnus'],Pacific Bell Tower, a sculptural sound installation for live sonification of earthquake data
0,1,China,2017,1,ICMC,0,0,0,0,0,0,0,0,0,0,0,0,0,0,0,0,0,0,0,0,0,0,0,0,0,0,0,0,0,0,0,0,0,0,0,0,0,0,0,0,0,0,0,0,0,0,0,0,0,['Wu, Shu-Cheng Allen'],SuperSampler: A New Polyphonic Concatenative Sample Synthesizer in SuperCollider for Sound Motive Creative, Live Coding, and Improvisation
1,0,China,2017,1,ICMC,0,0,0,0,0,0,0,0,0,0,0,0,0,0,0,0,0,0,0,0,0,0,0,0,0,0,0,0,0,0,0,0,0,0,0,0,0,0,0,0,0,0,0,0,0,0,0,0,0,['Gioti, Artemi-Maria'],Machine Listening in Interactive Music Systems: Current State and Future Directions
0,1,China,2017,2,ICMC,0,1,0,0,0,0,0,0,0,0,0,0,0,0,0,0,0,0,0,0,0,0,0,0,0,0,0,0,0,0,0,0,0,0,0,0,0,0,0,0,0,0,0,0,0,0,0,0,0,['Donat-Bouillud, Pierre', ' Giavitto, Jean-Louis'],Typing heterogeneous dataflow graphs for static buffering and scheduling
0,1,China,2017,5,ICMC,0,1,0,1,0,1,0,1,0,0,0,0,0,0,0,0,0,0,0,0,0,0,0,0,0,0,0,0,0,0,0,0,0,0,0,0,0,0,0,0,0,0,0,0,0,0,0,0,0,['Nika, J√©r√¥me', ' D√©guernel, Ken', ' Chemla-Romeu-Santos, Axel', ' Vincent, Emmanuel', ' Assayag, G√©rard'],"DYC12 agents: merging the ""free"", ""reactive"", and ""scenario-based"" music generation paradigms"
1,0,China,2017,1,ICMC,0,0,0,0,0,0,0,0,0,0,0,0,0,0,0,0,0,0,0,0,0,0,0,0,0,0,0,0,0,0,0,0,0,0,0,0,0,0,0,0,0,0,0,0,0,0,0,0,0,['Frid, Emma'],Sonification of Women in Sound and Music Computing - The Sound of Female Authorship in ICMC, SMC and NIME Proceedings
0,1,China,2017,2,ICMC,0,1,0,0,0,0,0,0,0,0,0,0,0,0,0,0,0,0,0,0,0,0,0,0,0,0,0,0,0,0,0,0,0,0,0,0,0,0,0,0,0,0,0,0,0,0,0,0,0,['√áakmak, √ñ. Cem', ' Hamilton, Rob'],Musical Sonification of Super High Frequency Lighting
0,1,China,2017,2,ICMC,0,1,0,0,0,0,0,0,0,0,0,0,0,0,0,0,0,0,0,0,0,0,0,0,0,0,0,0,0,0,0,0,0,0,0,0,0,0,0,0,0,0,0,0,0,0,0,0,0,['Hamilton, Rob', ' Bahn, Curtis'],Interactive Music and Media at Rensselaer: Studio Report 2017
1,0,China,2017,3,ICMC,0,1,1,0,0,0,0,0,0,0,0,0,0,0,0,0,0,0,0,0,0,0,0,0,0,0,0,0,0,0,0,0,0,0,0,0,0,0,0,0,0,0,0,0,0,0,0,0,0,['Helmuth, Mara', ' Lukaszuk, Michael', ' DiPronio, Marissa'],The CCM Center for Computer Music 2017
0,1,China,2017,5,ICMC,0,1,0,1,0,1,0,1,0,0,0,0,0,0,0,0,0,0,0,0,0,0,0,0,0,0,0,0,0,0,0,0,0,0,0,0,0,0,0,0,0,0,0,0,0,0,0,0,0,['Bresson, Jean', ' Bouche, Dimitri', ' Carpentier, Thibaut', ' Schwarz, Diemo', ' Garcia, J√©r√©mie'],Next-generation Computer-aided Composition Environment: A New Implementation of OpenMusic
0,1,China,2017,3,ICMC,0,1,0,1,0,0,0,0,0,0,0,0,0,0,0,0,0,0,0,0,0,0,0,0,0,0,0,0,0,0,0,0,0,0,0,0,0,0,0,0,0,0,0,0,0,0,0,0,0,['Hochenbaum, Jordan', ' Salazar, Spencer', ' Sena, Rodrigo'],Chuck-Racks: Text-Based Music Programming for the Digital Audio Workstation
0,1,China,2017,3,ICMC,0,1,0,1,0,0,0,0,0,0,0,0,0,0,0,0,0,0,0,0,0,0,0,0,0,0,0,0,0,0,0,0,0,0,0,0,0,0,0,0,0,0,0,0,0,0,0,0,0,['Talbot, Pierre', ' Agon, Carlos', ' Esling, Philippe'],Interactive computer-aided composition with constraints
0,1,China,2017,1,ICMC,0,0,0,0,0,0,0,0,0,0,0,0,0,0,0,0,0,0,0,0,0,0,0,0,0,0,0,0,0,0,0,0,0,0,0,0,0,0,0,0,0,0,0,0,0,0,0,0,0,['Harker, Alex'],FrameLib: Audio DSP using Frames of Arbitrary Length and Timing
0,1,China,2017,3,ICMC,0,1,0,1,0,0,0,0,0,0,0,0,0,0,0,0,0,0,0,0,0,0,0,0,0,0,0,0,0,0,0,0,0,0,0,0,0,0,0,0,0,0,0,0,0,0,0,0,0,['Mo, Ronald K.', ' So, Richard H.Y.', ' Horner, Andrew'],How Does Parametric Reverberation Change the Space of Instrument Emotional Characteristics?
0,0,China,2017,1,ICMC,0,0,0,0,0,0,0,0,0,0,0,0,0,0,0,0,0,0,0,0,0,0,0,0,0,0,0,0,0,0,0,0,1,0,0,0,0,0,0,0,0,0,0,0,0,0,0,0,0,['Zheng, Chenyu'],From Harmonization to Recolorization: Ant Foraging Inspired Auditory-Visual Synesthetic Pattern Transformation
0,1,China,2017,5,ICMC,0,1,0,1,1,0,0,1,0,0,0,0,0,0,0,0,0,0,0,0,0,0,0,0,0,0,0,0,0,0,0,0,0,0,0,0,0,0,0,0,0,0,0,0,0,0,0,0,0,['Friberg, Anders', ' Sch√∂n, Ragnar', ' Elowsson, Anders', ' Choi, Kahyun', ' Downie, J. Stephen'],Cross-cultural aspects of perceptual features in K-Pop: A pilot study comparing Chinese and Swedish listeners
0,1,China,2017,2,ICMC,1,0,0,0,0,0,0,0,0,0,0,0,0,0,0,0,0,0,0,0,0,0,0,0,0,0,0,0,0,0,0,0,0,0,0,0,0,0,0,0,0,0,0,0,0,0,0,0,0,['Schlei, Kevin', ' Yoshikane, Rebecca'],Aural Simulation of Tactile Defensiveness
1,0,China,2017,2,ICMC,0,1,0,0,0,0,0,0,0,0,0,0,0,0,0,0,0,0,0,0,0,0,0,0,0,0,0,0,0,0,0,0,0,0,0,0,0,0,0,0,0,0,0,0,0,0,0,0,0,['Park, Sihwa', ' Joo, Woohun'],FormSound: A Particle Formation-Based Audiovisual Interface
1,0,China,2017,2,ICMC,0,1,0,0,0,0,0,0,0,0,0,0,0,0,0,0,0,0,0,0,0,0,0,0,0,0,0,0,0,0,0,0,0,0,0,0,0,0,0,0,0,0,0,0,0,0,0,0,0,['Liu, Danyi', ' van der Heide, Edwin'],Interaction Models for Real-time Participatory Musical Performance using Mobile Devices
1,0,China,2017,3,ICMC,0,1,0,1,0,0,0,0,0,0,0,0,0,0,0,0,0,0,0,0,0,0,0,0,0,0,0,0,0,0,0,0,0,0,0,0,0,0,0,0,0,0,0,0,0,0,0,0,0,['Bin, S. M. Astrid', ' Bryan-Kinns, Nick', ' McPherson, Andrew P.'],Hands where we can see them! Investigating the impact of gesture size on audience perception
1,0,China,2017,3,ICMC,0,1,0,1,0,0,0,0,0,0,0,0,0,0,0,0,0,0,0,0,0,0,0,0,0,0,0,0,0,0,0,0,0,0,0,0,0,0,0,0,0,0,0,0,0,0,0,0,0,['Gonzalez-Inostroza, Marie', ' Sylleros, Alvaro', ' C√°diz, Rodrigo F.'],Understanding Interaction in Musical Multi-Touch Surfaces
0,0,China,2017,8,ICMC,0,1,0,1,1,0,0,1,0,0,0,0,0,0,0,0,0,0,0,0,0,0,0,0,0,0,0,0,0,0,0,0,1,0,0,0,0,1,1,1,0,0,0,0,0,0,0,0,0,['Wen, Ru', ' Xie, Zheng', ' Chen, Kai', ' Guo, Ruoxuan', ' Xu, Kuan', ' Huang, Wenmin', ' Tian, Jiyuan', ' Wu, Jiang'],Music Style Analysis among Haydn, Mozart, and Beethoven: an Unsupervised Machine Learning Approach
0,1,China,2017,5,ICMC,0,1,0,1,0,1,0,1,0,0,0,0,0,0,0,0,0,0,0,0,0,0,0,0,0,0,0,0,0,0,0,0,0,0,0,0,0,0,0,0,0,0,0,0,0,0,0,0,0,['Long, Jason', ' Skelly, Neill', ' Murphy, Jim', ' Carnegie, Dale A.', ' Kapur, Ajay'],Improving Robotic Chordophones with Closed-Loop Embedded Audio Feedback Systems
0,1,China,2017,5,ICMC,0,1,0,1,0,1,0,1,0,0,0,0,0,0,0,0,0,0,0,0,0,0,0,0,0,0,0,0,0,0,0,0,0,0,0,0,0,0,0,0,0,0,0,0,0,0,0,0,0,['Di Donato, Balandino', ' Dooley, James', ' Hockman, Jason', ' Bullock, Jamie', ' Hall, Simon'],MyoSpat: A hand-gesture controlled system for sound and light projections manipulation
1,0,China,2017,2,ICMC,0,1,0,0,0,0,0,0,0,0,0,0,0,0,0,0,0,0,0,0,0,0,0,0,0,0,0,0,0,0,0,0,0,0,0,0,0,0,0,0,0,0,0,0,0,0,0,0,0,['Ananthabhotla, Ishwarya', ' Paradiso, Joseph A.'],VisualSoundtrack: An Approach to Style Transfer in the Context of Soundtrack Prototyping
0,1,China,2017,1,ICMC,0,0,0,0,0,0,0,0,0,0,0,0,0,0,0,0,0,0,0,0,0,0,0,0,0,0,0,0,0,0,0,0,0,0,0,0,0,0,0,0,0,0,0,0,0,0,0,0,0,['Lee, Cheng'],Multimedia Performance Installation with Virtual Reality
1,0,China,2017,1,ICMC,0,0,0,0,0,0,0,0,0,0,0,0,0,0,0,0,0,0,0,0,0,0,0,0,0,0,0,0,0,0,0,0,0,0,0,0,0,0,0,0,0,0,0,0,0,0,0,0,0,['Choi, Insook'],Interactive Composition and Performance Framework with Evolutionary Computing
0,1,China,2017,2,ICMC,0,1,0,0,0,0,0,0,0,0,0,0,0,0,0,0,0,0,0,0,0,0,0,0,0,0,0,0,0,0,0,0,0,0,0,0,0,0,0,0,0,0,0,0,0,0,0,0,0,['Hickman, Oliver', ' Park, Tae Hong'],Expansion Through the Machine: A Composition for Harmonica and Wearable
0,1,China,2017,1,ICMC,0,0,0,0,0,0,0,0,0,0,0,0,0,0,0,0,0,0,0,0,0,0,0,0,0,0,0,0,0,0,0,0,0,0,0,0,0,0,0,0,0,0,0,0,0,0,0,0,0,['Louzeiro, Pedro'],Mediating a Comprovisation Performance: the Comprovisador's Control Interface
0,1,China,2017,2,ICMC,1,0,0,0,0,0,0,0,0,0,0,0,0,0,0,0,0,0,0,0,0,0,0,0,0,0,0,0,0,0,0,0,0,0,0,0,0,0,0,0,0,0,0,0,0,0,0,0,0,['Saburo, Hirano', ' Akiko, Ochi'],Case Study of a Sensor Platform System Using the Wireless Microprocessor Module TWE-LITE for Media Art and Computer Music
0,1,China,2017,3,ICMC,0,1,0,1,0,0,0,0,0,0,0,0,0,0,0,0,0,0,0,0,0,0,0,0,0,0,0,0,0,0,0,0,0,0,0,0,0,0,0,0,0,0,0,0,0,0,0,0,0,['Le Vaillant, Gwendal', ' Vill√©e, Guillaume', ' Dutoit, Thierry'],Portable C++ Framework for Low-Latency Musical Touch Interaction with Geometrical Shapes
0,1,China,2017,2,ICMC,0,1,0,0,0,0,0,0,0,0,0,0,0,0,0,0,0,0,0,0,0,0,0,0,0,0,0,0,0,0,0,0,0,0,0,0,0,0,0,0,0,0,0,0,0,0,0,0,0,['Ogata, Masa', ' Goto, Masataka'],Keyboard Interface with Shape-Distortion Expression for Interactive Performance
0,1,China,2017,2,ICMC,0,1,0,0,0,0,0,0,0,0,0,0,0,0,0,0,0,0,0,0,0,0,0,0,0,0,0,0,0,0,0,0,0,0,0,0,0,0,0,0,0,0,0,0,0,0,0,0,0,['Narayanan, Siddharth', ' Bukvic, Ivica Ico'],Cinemacraft: Immersive Live Machinima as an Empathetic Musical Storytelling Platform
0,1,China,2017,1,ICMC,0,0,0,0,0,0,0,0,0,0,0,0,0,0,0,0,0,0,0,0,0,0,0,0,0,0,0,0,0,0,0,0,0,0,0,0,0,0,0,0,0,0,0,0,0,0,0,0,0,['Nikoladze, Koka'],Performing a Performer: human performers instead of electric sound generators
1,0,China,2017,2,ICMC,0,1,0,0,0,0,0,0,0,0,0,0,0,0,0,0,0,0,0,0,0,0,0,0,0,0,0,0,0,0,0,0,0,0,0,0,0,0,0,0,0,0,0,0,0,0,0,0,0,['Johnson, Bridget', ' Kapur, Ajay'],Assessment Techniques for New Mechatronic Instruments as Applied to speaker.motion.
0,1,China,2017,2,ICMC,0,1,0,0,0,0,0,0,0,0,0,0,0,0,0,0,0,0,0,0,0,0,0,0,0,0,0,0,0,0,0,0,0,0,0,0,0,0,0,0,0,0,0,0,0,0,0,0,0,['Kojs, Juraj', ' Lough, Alex'],Performance-Installation: Four Projects
1,0,China,2017,4,ICMC,0,1,0,1,0,1,0,0,0,0,0,0,0,0,0,0,0,0,0,0,0,0,0,0,0,0,0,0,0,0,0,0,0,0,0,0,0,0,0,0,0,0,0,0,0,0,0,0,0,['Siwiak, Diana', ' Carnegie, Dale A.', ' Murphy, Jim', ' Kapur, Ajay'],MetaFlute: A Wearable Interface for Gesture Detection
0,0,China,2017,3,ICMC,0,1,0,1,0,0,0,0,0,0,0,0,0,0,0,0,0,0,0,0,0,0,0,0,0,0,0,0,0,0,0,0,1,0,0,0,0,0,0,0,0,0,0,0,0,0,0,0,0,['Hong, Yu', ' Chau, Chuck-Jee', ' Horner, Andrew'],A Study of What Makes Calm and Sad Music So Difficult to Distinguish in Music Emotion Recognition
0,1,China,2017,2,ICMC,0,1,0,0,0,0,0,0,0,0,0,0,0,0,0,0,0,0,0,0,0,0,0,0,0,0,0,0,0,0,0,0,0,0,0,0,0,0,0,0,0,0,0,0,0,0,0,0,0,['Yang, Jiajun', ' Hermann, Thomas'],SoZen - Improving Productivity with a Soundscape Generating Zen Garden
0,0,China,2017,3,ICMC,0,0,0,1,0,0,0,0,0,0,0,0,0,0,0,0,0,0,0,0,0,0,0,0,0,0,0,0,0,0,0,0,1,1,0,0,0,0,0,0,0,0,0,0,0,0,0,0,0,['Wang, Hsiao-Yen', ' Huang, Jin-Huang', ' Tseng, Yu-Chung'],A New Method for Objective Measurement of Perceived Audio Quality
0,1,China,2017,2,ICMC,0,1,0,0,0,0,0,0,0,0,0,0,0,0,0,0,0,0,0,0,0,0,0,0,0,0,0,0,0,0,0,0,0,0,0,0,0,0,0,0,0,0,0,0,0,0,0,0,0,['Chang, Bing Yen', ' Horner, Andrew'],A Real-Time Music Emotion Modulation System for Soundtracks
0,1,China,2017,2,ICMC,0,1,0,0,0,0,0,0,0,0,0,0,0,0,0,0,0,0,0,0,0,0,0,0,0,0,0,0,0,0,0,0,0,0,0,0,0,0,0,0,0,0,0,0,0,0,0,0,0,['Mo, Ronald K.', ' Horner, Andrew'],The Effects of Convolution Reverberation on the Emotional Characteristics
0,1,China,2017,1,ICMC,0,0,0,0,0,0,0,0,0,0,0,0,0,0,0,0,0,0,0,0,0,0,0,0,0,0,0,0,0,0,0,0,0,0,0,0,0,0,0,0,0,0,0,0,0,0,0,0,0,['Estibeiro, Marc'],The Impact of the Digital Interface and the Score on Controlled Improvisation When Using Acoustic Instruments in an Electroacoustic Context
0,1,China,2017,1,ICMC,0,0,0,0,0,0,0,0,0,0,0,0,0,0,0,0,0,0,0,0,0,0,0,0,0,0,0,0,0,0,0,0,0,0,0,0,0,0,0,0,0,0,0,0,0,0,0,0,0,['√ìlafsson, Kjartan'],CalmusWaves: Where Dancers Compose Music in Real-Time
0,1,China,2017,1,ICMC,0,0,0,0,0,0,0,0,0,0,0,0,0,0,0,0,0,0,0,0,0,0,0,0,0,0,0,0,0,0,0,0,0,0,0,0,0,0,0,0,0,0,0,0,0,0,0,0,0,['Sigman, Alexander'],fcremap'dB: Audiovisual Re-mapping, Animated Notation, and Embodied Electronics
0,1,China,2017,1,ICMC,0,0,0,0,0,0,0,0,0,0,0,0,0,0,0,0,0,0,0,0,0,0,0,0,0,0,0,0,0,0,0,0,0,0,0,0,0,0,0,0,0,0,0,0,0,0,0,0,0,['Jurk≈´nas, Jonas'],The Systematic Grouping of Detection Tools for Properties of Acousmaticity: Binary Tension Between Sonority and Pulse
0,1,China,2017,2,ICMC,0,1,0,0,0,0,0,0,0,0,0,0,0,0,0,0,0,0,0,0,0,0,0,0,0,0,0,0,0,0,0,0,0,0,0,0,0,0,0,0,0,0,0,0,0,0,0,0,0,['Tzeng, Shing-Kwei', ' Huang, Chih-Fang'],Folk Song Notation Transcription Using Spectrogram - A Case Study of Yao Ethnic Group Folk Song from Guangxi Ling-Yun, Southwest China
0,1,China,2017,1,ICMC,0,0,0,0,0,0,0,0,0,0,0,0,0,0,0,0,0,0,0,0,0,0,0,0,0,0,0,0,0,0,0,0,0,0,0,0,0,0,0,0,0,0,0,0,0,0,0,0,0,['Pedersen, Anders Bach'],Human Excess: Aesthetics of Post-Internet Electronic Music
0,1,China,2017,2,ICMC,0,1,0,0,0,0,0,0,0,0,0,0,0,0,0,0,0,0,0,0,0,0,0,0,0,0,0,0,0,0,0,0,0,0,0,0,0,0,0,0,0,0,0,0,0,0,0,0,0,['Hu, Hanlin', ' Gerhard, David'],Appropriate Isomorphic Layout Determination Using 3-D Helix Lattices
0,1,China,2017,1,ICMC,0,0,0,0,0,0,0,0,0,0,0,0,0,0,0,0,0,0,0,0,0,0,0,0,0,0,0,0,0,0,0,0,0,0,0,0,0,0,0,0,0,0,0,0,0,0,0,0,0,['Ciciliani, Marko'],A Method for Subjective Analysis of Audiovisual Works
0,1,China,2017,3,ICMC,0,1,0,1,0,0,0,0,0,0,0,0,0,0,0,0,0,0,0,0,0,0,0,0,0,0,0,0,0,0,0,0,0,0,0,0,0,0,0,0,0,0,0,0,0,0,0,0,0,['Villica√±a-Shaw, Nathan', ' Salazar, Spencer', ' Kapur, Ajay'],The Machine Lab: A Modern Classroom to Teach Mechatronic Music
0,1,China,2017,1,ICMC,0,0,0,0,0,0,0,0,0,0,0,0,0,0,0,0,0,0,0,0,0,0,0,0,0,0,0,0,0,0,0,0,0,0,0,0,0,0,0,0,0,0,0,0,0,0,0,0,0,['Otondo, Felipe'],Exploring sonic landscapes through the use of spatial and temporal sampling techniques
0,1,China,2017,1,ICMC,0,0,0,0,0,0,0,0,0,0,0,0,0,0,0,0,0,0,0,0,0,0,0,0,0,0,0,0,0,0,0,0,0,0,0,0,0,0,0,0,0,0,0,0,0,0,0,0,0,['Paoli, Ken'],Macrostructure and Transition in an Algorithmic Composition Environment
0,1,China,2017,4,ICMC,0,1,0,1,0,1,0,0,0,0,0,0,0,0,0,0,0,0,0,0,0,0,0,0,0,0,0,0,0,0,0,0,0,0,0,0,0,0,0,0,0,0,0,0,0,0,0,0,0,['Y√©pez, Juan Pablo', ' Hochenbaum, Jordan', ' Salazar, Spencer', ' Kapur, Ajay'],Redesigning Music Education Through Laptop Ensembles
0,1,China,2017,3,ICMC,0,1,0,1,0,0,0,0,0,0,0,0,0,0,0,0,0,0,0,0,0,0,0,0,0,0,0,0,0,0,0,0,0,0,0,0,0,0,0,0,0,0,0,0,0,0,0,0,0,['Fox, K. Michael', ' Stewart, Jeremy', ' Hamilton, Rob'],madBPM: A Modular Multimodal Environment for Data-Driven Composition And Sonification
0,1,China,2017,1,ICMC,0,0,0,0,0,0,0,0,0,0,0,0,0,0,0,0,0,0,0,0,0,0,0,0,0,0,0,0,0,0,0,0,0,0,0,0,0,0,0,0,0,0,0,0,0,0,0,0,0,['Neupert, Max'],Exploring concatenative synthesis units in VR
0,1,South Korea,2018,1,ICMC,0,0,0,0,0,0,0,0,0,0,0,0,0,0,0,0,0,0,0,0,0,0,0,0,0,0,0,0,0,0,0,0,0,0,0,0,0,0,0,0,0,0,0,0,0,0,0,0,0,['Eigenfeldt, Arne'],Imaginary Miles: Modeling Musebots After Musicians
0,0,South Korea,2018,3,ICMC,0,1,0,1,0,0,0,0,0,0,0,0,0,0,0,0,0,0,0,0,0,0,0,0,0,0,0,0,0,0,0,0,1,0,0,0,0,0,0,0,0,0,0,0,0,0,0,0,0,['Hong, Yu', ' Mo, Ronald', ' Horner, Andrew'],The Effects of Mode, Pitch, and Dynamics on Valence in Piano Scales and Chord Progressions
0,1,South Korea,2018,3,ICMC,0,1,0,1,0,0,0,0,0,0,0,0,0,0,0,0,0,0,0,0,0,0,0,0,0,0,0,0,0,0,0,0,0,0,0,0,0,0,0,0,0,0,0,0,0,0,0,0,0,['Pfalz, Andrew', ' Berdahl, Edgar', ' Allison, Jesse'],Using Recurrent Neural Networks to Dream Sequences of Audio
0,1,South Korea,2018,1,ICMC,0,0,0,0,0,0,0,0,0,0,0,0,0,0,0,0,0,0,0,0,0,0,0,0,0,0,0,0,0,0,0,0,0,0,0,0,0,0,0,0,0,0,0,0,0,0,0,0,0,['Lee, Myungin'],Deep Neural Network Based Music Source Conducting System
0,1,South Korea,2018,3,ICMC,0,1,0,1,0,0,0,0,0,0,0,0,0,0,0,0,0,0,0,0,0,0,0,0,0,0,0,0,0,0,0,0,0,0,0,0,0,0,0,0,0,0,0,0,0,0,0,0,0,['Ramirez, Rafael', ' Giraldo, Sergio', ' Vamvakousis, Zacharias'],An Expressive Brain-computer Music Interface for Musical Neurofeedback
1,0,South Korea,2018,1,ICMC,0,0,0,0,0,0,0,0,0,0,0,0,0,0,0,0,0,0,0,0,0,0,0,0,0,0,0,0,0,0,0,0,0,0,0,0,0,0,0,0,0,0,0,0,0,0,0,0,0,['Connors, Teresa Marie'],The Lure Towards the Performative in Nonlinear Audiovisual Installations
0,1,South Korea,2018,2,ICMC,0,1,0,0,0,0,0,0,0,0,0,0,0,0,0,0,0,0,0,0,0,0,0,0,0,0,0,0,0,0,0,0,0,0,0,0,0,0,0,0,0,0,0,0,0,0,0,0,0,['Boren, Braxton', ' Musick, Michael'],Spatial Organization in Musical Form
1,0,South Korea,2018,1,ICMC,0,0,0,0,0,0,0,0,0,0,0,0,0,0,0,0,0,0,0,0,0,0,0,0,0,0,0,0,0,0,0,0,0,0,0,0,0,0,0,0,0,0,0,0,0,0,0,0,0,['Akkermann, Miriam'],Is This How It Sounded? The Idea of ‚ÄòHistoric Informed Performance Practice‚Äô in Early Mixed Music
0,1,South Korea,2018,1,ICMC,0,0,0,0,0,0,0,0,0,0,0,0,0,0,0,0,0,0,0,0,0,0,0,0,0,0,0,0,0,0,0,0,0,0,0,0,0,0,0,0,0,0,0,0,0,0,0,0,0,['Pedersen, Anders Bach'],Populous Oscillation: Variety in Interactive Evolutionary Computation for Music Improvisation
0,1,South Korea,2018,2,ICMC,0,1,0,0,0,0,0,0,0,0,0,0,0,0,0,0,0,0,0,0,0,0,0,0,0,0,0,0,0,0,0,0,0,0,0,0,0,0,0,0,0,0,0,0,0,0,0,0,0,['Yoon, Ji Won', ' Yeo, Woon Seung'],A Study on the Audiovisual Art of Nam June Paik in the Context of Multimodality and Synesthesia
1,0,South Korea,2018,1,ICMC,0,0,0,0,0,0,0,0,0,0,0,0,0,0,0,0,0,0,0,0,0,0,0,0,0,0,0,0,0,0,0,0,0,0,0,0,0,0,0,0,0,0,0,0,0,0,0,0,0,['Frid, Emma'],Accessible Digital Musical Instruments - a Survey of Inclusive Instruments Presented at the NIME, SMC and ICMC Conferences
0,1,South Korea,2018,3,ICMC,0,1,1,0,0,0,0,0,0,0,0,0,0,0,0,0,0,0,0,0,0,0,0,0,0,0,0,0,0,0,0,0,0,0,0,0,0,0,0,0,0,0,0,0,0,0,0,0,0,['Lough, Alex', ' Micchelli, Mark', ' Kimura, Mari'],Gestural Envelopes: Aesthetic Considerations for Mapping Physical Gestures Using Wireless Motion Sensors
1,0,South Korea,2018,2,ICMC,0,1,0,0,0,0,0,0,0,0,0,0,0,0,0,0,0,0,0,0,0,0,0,0,0,0,0,0,0,0,0,0,0,0,0,0,0,0,0,0,0,0,0,0,0,0,0,0,0,['Koh, Eunjeong Stella', ' Yadegari, Shahrokh'],Mugeetion: Musical Interface Using Facial Gesture and Emotion
0,1,South Korea,2018,1,ICMC,0,0,0,0,0,0,0,0,0,0,0,0,0,0,0,0,0,0,0,0,0,0,0,0,0,0,0,0,0,0,0,0,0,0,0,0,0,0,0,0,0,0,0,0,0,0,0,0,0,['Caers, Vincent'],LSL.LPSR: Applying Contemporary Compositional Processes Into an Electroacoustic Improvisation Tool
0,1,South Korea,2018,1,ICMC,0,0,0,0,0,0,0,0,0,0,0,0,0,0,0,0,0,0,0,0,0,0,0,0,0,0,0,0,0,0,0,0,0,0,0,0,0,0,0,0,0,0,0,0,0,0,0,0,0,['Estibeiro, Marc'],Displaced Light: a Composition for Six Instruments and Electronics Mediated Through the Application of Microsound
1,0,South Korea,2018,2,ICMC,0,1,0,0,0,0,0,0,0,0,0,0,0,0,0,0,0,0,0,0,0,0,0,0,0,0,0,0,0,0,0,0,0,0,0,0,0,0,0,0,0,0,0,0,0,0,0,0,0,['Stine, Eli', ' Davis, Kevin'],The Murmurator: a Flocking Simulation-driven Multi-channel Software Instrument for Collaborative Improvisation
0,1,South Korea,2018,3,ICMC,1,0,0,0,0,0,0,0,0,0,0,0,0,0,0,0,0,0,0,0,0,0,0,0,0,0,0,0,0,0,0,0,0,0,1,0,0,0,0,0,0,0,0,0,0,0,0,0,0,['Su, David', ' Picard, Rosalind', ' Liu, Yan'],AMAI: Adaptive Music for Affect Improvement
1,0,South Korea,2018,2,ICMC,0,1,0,0,0,0,0,0,0,0,0,0,0,0,0,0,0,0,0,0,0,0,0,0,0,0,0,0,0,0,0,0,0,0,0,0,0,0,0,0,0,0,0,0,0,0,0,0,0,['Veinberg, Anne', ' Noriega, Felipe Ignacio'],Coding With a Piano: the First Phase of the Codeklavier's Development
0,1,South Korea,2018,1,ICMC,0,0,0,0,0,0,0,0,0,0,0,0,0,0,0,0,0,0,0,0,0,0,0,0,0,0,0,0,0,0,0,0,0,0,0,0,0,0,0,0,0,0,0,0,0,0,0,0,0,['Fasciani, Stefano'],Spectral Granular Synthesis
0,1,South Korea,2018,1,ICMC,0,0,0,0,0,0,0,0,0,0,0,0,0,0,0,0,0,0,0,0,0,0,0,0,0,0,0,0,0,0,0,0,0,0,0,0,0,0,0,0,0,0,0,0,0,0,0,0,0,['Dannenberg, Roger B.'],UGG: a Unit Generator Generator
0,1,South Korea,2018,1,ICMC,0,0,0,0,0,0,0,0,0,0,0,0,0,0,0,0,0,0,0,0,0,0,0,0,0,0,0,0,0,0,0,0,0,0,0,0,0,0,0,0,0,0,0,0,0,0,0,0,0,['Choi, Hongchan'],Audioworklet: the Future of Web Audio
0,1,South Korea,2018,1,ICMC,0,0,0,0,0,0,0,0,0,0,0,0,0,0,0,0,0,0,0,0,0,0,0,0,0,0,0,0,0,0,0,0,0,0,0,0,0,0,0,0,0,0,0,0,0,0,0,0,0,['Nystr√∂m, Erik'],Topographic Synthesis: Parameter Distribution in Spatial Texture
0,1,South Korea,2018,4,ICMC,0,1,0,1,0,1,0,0,0,0,0,0,0,0,0,0,0,0,0,0,0,0,0,0,0,0,0,0,0,0,0,0,0,0,0,0,0,0,0,0,0,0,0,0,0,0,0,0,0,['Lemouton, Serge', ' Bonardi, Alain', ' Pottier, Laurent', ' Warnier, Jacques'],Electronic Music Documentations, Practices and Models
0,1,South Korea,2018,2,ICMC,1,0,0,0,0,0,0,0,0,0,0,0,0,0,0,0,0,0,0,0,0,0,0,0,0,0,0,0,0,0,0,0,0,0,0,0,0,0,0,0,0,0,0,0,0,0,0,0,0,['Bukvic, Ivica Ico', ' Ogier, Andrea L.'],Compel: a Crowdsourced Community-building Repository for Reproducible Computer Music
0,1,South Korea,2018,1,ICMC,0,0,0,0,0,0,0,0,0,0,0,0,0,0,0,0,0,0,0,0,0,0,0,0,0,0,0,0,0,0,0,0,0,0,0,0,0,0,0,0,0,0,0,0,0,0,0,0,0,['Dahan, Kevin'],(Re)discovering Sounds of CCRMA - Towards Computer Music Preservation
0,1,South Korea,2018,2,ICMC,0,1,0,0,0,0,0,0,0,0,0,0,0,0,0,0,0,0,0,0,0,0,0,0,0,0,0,0,0,0,0,0,0,0,0,0,0,0,0,0,0,0,0,0,0,0,0,0,0,['Park, Tae Hong', ' Underwood, Kent'],The Electro-acoustic Music Mine (EAMM): an Initiative for the Archival Preservation of Electro-acoustic Music
0,1,South Korea,2018,1,ICMC,0,0,0,0,0,0,0,0,0,0,0,0,0,0,0,0,0,0,0,0,0,0,0,0,0,0,0,0,0,0,0,0,0,0,0,0,0,0,0,0,0,0,0,0,0,0,0,0,0,['Garbet, Brian'],Sustainability of Compositions Involving Electronic Technology: Part I ‚Äì in Conversation With Alcides Lanza
1,0,South Korea,2018,1,ICMC,0,0,0,0,0,0,0,0,0,0,0,0,0,0,0,0,0,0,0,0,0,0,0,0,0,0,0,0,0,0,0,0,0,0,0,0,0,0,0,0,0,0,0,0,0,0,0,0,0,['Park, Sihwa'],Behave: a Heatmap-based Audiovisual Representation of Personal Data
0,1,South Korea,2018,1,ICMC,0,0,0,0,0,0,0,0,0,0,0,0,0,0,0,0,0,0,0,0,0,0,0,0,0,0,0,0,0,0,0,0,0,0,0,0,0,0,0,0,0,0,0,0,0,0,0,0,0,['Carson, Tate'],Philosophical Underpinnings of Environmental Music
0,0,South Korea,2018,2,ICMC,0,1,0,0,0,0,0,0,0,0,0,0,0,0,0,0,0,0,0,0,0,0,0,0,0,0,0,0,0,0,0,0,1,0,0,0,0,0,0,0,0,0,0,0,0,0,0,0,0,['Faruqi, Shuraifa Asmah Shad Saleem', ' Park, Tae Hong'],Urban Soundscape: Analyzing Spatiotemporal Patterns of Acoustic Events and Soundscape Components, and Its Influence on the Socioeconomic Status of New York City Neighborhoods
0,1,South Korea,2018,2,ICMC,0,1,0,0,0,0,0,0,0,0,0,0,0,0,0,0,0,0,0,0,0,0,0,0,0,0,0,0,0,0,0,0,0,0,0,0,0,0,0,0,0,0,0,0,0,0,0,0,0,['Park, Tae Hong', ' Yoo, Minjoon'],Citygram One: Seven Years Later
0,1,South Korea,2018,1,ICMC,0,0,0,0,0,0,0,0,0,0,0,0,0,0,0,0,0,0,0,0,0,0,0,0,0,0,0,0,0,0,0,0,0,0,0,0,0,0,0,0,0,0,0,0,0,0,0,0,0,['Garcia, Hugo Solis'],"Sonode, a Collaborative Sound Map of Mexico City"
0,1,South Korea,2018,2,ICMC,0,0,0,0,0,0,0,0,0,0,0,0,0,0,0,0,0,0,0,0,0,0,0,0,0,0,0,0,0,0,0,0,0,1,0,0,0,0,0,0,0,0,0,0,0,0,0,0,0,['Liu, Tsung-Ching', ' Lin, Wan Tin'],The Tuning and Synthesis Issue of the Ancient Chinese Chime-bells Instrument From the Tomb of Marquis Yi of the Zeng State
0,1,South Korea,2018,1,ICMC,0,0,0,0,0,0,0,0,0,0,0,0,0,0,0,0,0,0,0,0,0,0,0,0,0,0,0,0,0,0,0,0,0,0,0,0,0,0,0,0,0,0,0,0,0,0,0,0,0,['Rudi, J√∏ran'],The Contributions of Computer Music Pioneer Knut Wiggen
0,1,South Korea,2018,1,ICMC,0,0,0,0,0,0,0,0,0,0,0,0,0,0,0,0,0,0,0,0,0,0,0,0,0,0,0,0,0,0,0,0,0,0,0,0,0,0,0,0,0,0,0,0,0,0,0,0,0,['Sigman, Alexander'],The Aesthetics of Robot Opera: Human-centric or Mechanized Eccentric?
0,1,South Korea,2018,1,ICMC,0,0,0,0,0,0,0,0,0,0,0,0,0,0,0,0,0,0,0,0,0,0,0,0,0,0,0,0,0,0,0,0,0,0,0,0,0,0,0,0,0,0,0,0,0,0,0,0,0,['Volker, Mark'],Voice in Electronic Music: Handling Limitations in Stockhausen‚Äôs Gesang Der J√ºnglinge and Lansky‚Äôs Six Fantasies
0,1,South Korea,2018,1,ICMC,0,0,0,0,0,0,0,0,0,0,0,0,0,0,0,0,0,0,0,0,0,0,0,0,0,0,0,0,0,0,0,0,0,0,0,0,0,0,0,0,0,0,0,0,0,0,0,0,0,['Blandino, Michael'],Inherent Meanings From the Environmental Impacts of the Production and Performance of Electronic Music
0,1,South Korea,2018,1,ICMC,0,0,0,0,0,0,0,0,0,0,0,0,0,0,0,0,0,0,0,0,0,0,0,0,0,0,0,0,0,0,0,0,0,0,0,0,0,0,0,0,0,0,0,0,0,0,0,0,0,['Stolet, Jeffrey'],University of Oregon ‚Äì Future Music Oregon 2018 Studio Report
1,0,South Korea,2018,1,ICMC,0,0,0,0,0,0,0,0,0,0,0,0,0,0,0,0,0,0,0,0,0,0,0,0,0,0,0,0,0,0,0,0,0,0,0,0,0,0,0,0,0,0,0,0,0,0,0,0,0,['Parkinson, Carol'],Harvestworks Digital Media Arts Center
0,1,South Korea,2018,6,ICMC,0,1,0,1,0,1,0,1,0,1,0,0,0,0,0,0,0,0,0,0,0,0,0,0,0,0,0,0,0,0,0,0,0,0,0,0,0,0,0,0,0,0,0,0,0,0,0,0,0,['Nam, Sangbong', ' Lee, Gang Seong', ' Ko, Pyoung Ryang', ' Ko, Byongoh', ' Cho, Jinok', ' Lee, Donoung'],Center for Arts and Technologies at Seoul National University
0,1,South Korea,2018,2,ICMC,0,1,0,0,0,0,0,0,0,0,0,0,0,0,0,0,0,0,0,0,0,0,0,0,0,0,0,0,0,0,0,0,0,0,0,0,0,0,0,0,0,0,0,0,0,0,0,0,0,['Cho, Jinok', ' Lee, Donoung'],Studio Report: KEAMS
0,1,South Korea,2018,2,ICMC,0,1,0,0,0,0,0,0,0,0,0,0,0,0,0,0,0,0,0,0,0,0,0,0,0,0,0,0,0,0,0,0,0,0,0,0,0,0,0,0,0,0,0,0,0,0,0,0,0,['Park, Jonghwa', ' Lee, Sungeun'],Do People With Absolute Pitch Really Produce the P300 Response When Processing Tones?
0,1,South Korea,2018,3,ICMC,0,1,0,1,0,0,0,0,0,0,0,0,0,0,0,0,0,0,0,0,0,0,0,0,0,0,0,0,0,0,0,0,0,0,0,0,0,0,0,0,0,0,0,0,0,0,0,0,0,['Mo, Ronald K.', ' So, Richard H. Y.', ' Horner, Andrew'],Investigating How Convolution Reverberation Effects the Space of Instrument Emotional Characteristics
0,1,South Korea,2018,2,ICMC,0,1,0,0,0,0,0,0,0,0,0,0,0,0,0,0,0,0,0,0,0,0,0,0,0,0,0,0,0,0,0,0,0,0,0,0,0,0,0,0,0,0,0,0,0,0,0,0,0,['Chang, Bing Yen', ' Horner, Andrew'],The Effects of Pitch, Dynamics, and Vowel on the Emotional Characteristics of The Soprano Voice
1,0,South Korea,2018,3,ICMC,0,1,0,1,0,0,0,0,0,0,0,0,0,0,0,0,0,0,0,0,0,0,0,0,0,0,0,0,0,0,0,0,0,0,0,0,0,0,0,0,0,0,0,0,0,0,0,0,0,['Gentilucci, Marta', ' Ardaillon, Luc', ' Liuni, Marco'],Vocal Distortion and Real-Time Processing of Roughness
0,1,South Korea,2018,1,ICMC,0,0,0,0,0,0,0,0,0,0,0,0,0,0,0,0,0,0,0,0,0,0,0,0,0,0,0,0,0,0,0,0,0,0,0,0,0,0,0,0,0,0,0,0,0,0,0,0,0,['D√∂bereiner, Luc'],OBOEJS: a Constraint-based Approach to Instrument-specific Algorithmic Composition
0,1,South Korea,2018,1,ICMC,0,0,0,0,0,0,0,0,0,0,0,0,0,0,0,0,0,0,0,0,0,0,0,0,0,0,0,0,0,0,0,0,0,0,0,0,0,0,0,0,0,0,0,0,0,0,0,0,0,['Paoli, Ken'],Phil Winsor's Myst: Research and Art ‚Äì a Technical and Aesthetic Consideration
1,0,South Korea,2018,4,ICMC,0,1,0,1,0,1,0,0,0,0,0,0,0,0,0,0,0,0,0,0,0,0,0,0,0,0,0,0,0,0,0,0,0,0,0,0,0,0,0,0,0,0,0,0,0,0,0,0,0,['Nakamura, Hiromi', ' Nakano, Tomoyasu', ' Fukayama, Satoru', ' Goto, Masataka'],Chordscanner: Browsing Chord Progressions Based on Musical Typicality and Intra-composer Consistency
0,1,South Korea,2018,2,ICMC,0,1,0,0,0,0,0,0,0,0,0,0,0,0,0,0,0,0,0,0,0,0,0,0,0,0,0,0,0,0,0,0,0,0,0,0,0,0,0,0,0,0,0,0,0,0,0,0,0,['Majumder, Sanjay', ' Smith, Benjamin D.'],Music Recombination Using a Genetic Algorithm
0,1,South Korea,2018,1,ICMC,0,0,0,0,0,0,0,0,0,0,0,0,0,0,0,0,0,0,0,0,0,0,0,0,0,0,0,0,0,0,0,0,0,0,0,0,0,0,0,0,0,0,0,0,0,0,0,0,0,['Rafferty, David'],Structured Cell: a Work in Space
0,1,South Korea,2018,1,ICMC,0,0,0,0,0,0,0,0,0,0,0,0,0,0,0,0,0,0,0,0,0,0,0,0,0,0,0,0,0,0,0,0,0,0,0,0,0,0,0,0,0,0,0,0,0,0,0,0,0,['Lee, Cheng'],Digital Ensemble Skills in a Laptop Orchestra
0,1,South Korea,2018,1,ICMC,0,0,0,0,0,0,0,0,0,0,0,0,0,0,0,0,0,0,0,0,0,0,0,0,0,0,0,0,0,0,0,0,0,0,0,0,0,0,0,0,0,0,0,0,0,0,0,0,0,['Sinclair, Peter'],Locustream Open Microphone Project
0,1,South Korea,2018,1,ICMC,0,0,0,0,0,0,0,0,0,0,0,0,0,0,0,0,0,0,0,0,0,0,0,0,0,0,0,0,0,0,0,0,0,0,0,0,0,0,0,0,0,0,0,0,0,0,0,0,0,['Musick, Michael'],A Physically-distinct, Multi-agent, Sonic Space Ecosystem
0,1,South Korea,2018,2,ICMC,0,1,0,0,0,0,0,0,0,0,0,0,0,0,0,0,0,0,0,0,0,0,0,0,0,0,0,0,0,0,0,0,0,0,0,0,0,0,0,0,0,0,0,0,0,0,0,0,0,['Vill√©e, Guillaume', ' Le Vaillant, Gwendal'],Music Making Mobile Application Using Geometry
0,1,South Korea,2018,2,ICMC,0,1,0,0,0,0,0,0,0,0,0,0,0,0,0,0,0,0,0,0,0,0,0,0,0,0,0,0,0,0,0,0,0,0,0,0,0,0,0,0,0,0,0,0,0,0,0,0,0,['Au, Chun-Ming', ' Horner, Andrew'],Music Production Mobile App with Voice-to-MIDI Feature
0,1,South Korea,2018,4,ICMC,0,1,0,1,0,1,0,0,0,0,0,0,0,0,0,0,0,0,0,0,0,0,0,0,0,0,0,0,0,0,0,0,0,0,0,0,0,0,0,0,0,0,0,0,0,0,0,0,0,['Normandeau, Robert', ' B√©langer, Olivier', ' Lengel√©, Christophe', ' Ledoux, David'],SPATGRIS/SERVERGRIS, Creative Tools for 2D and 3D Sound Spatialization
0,1,South Korea,2018,1,ICMC,0,0,0,0,0,0,0,0,0,0,0,0,0,0,0,0,0,0,0,0,0,0,0,0,0,0,0,0,0,0,0,0,0,0,0,0,0,0,0,0,0,0,0,0,0,0,0,0,0,['Lengel√©, Christophe'],Live 4 Life - A Spatial Performance Tool Focused On Rhythm And Parameter Loops
0,1,South Korea,2018,2,ICMC,0,1,0,0,0,0,0,0,0,0,0,0,0,0,0,0,0,0,0,0,0,0,0,0,0,0,0,0,0,0,0,0,0,0,0,0,0,0,0,0,0,0,0,0,0,0,0,0,0,['Rios, Ian', ' Hamilton, Rob'],Nething: An Educational Open-source Web-based Graphical User Interface for Controlling Ambisonic And Wave Field Speaker Arrays
0,1,South Korea,2018,2,ICMC,0,1,0,0,0,0,0,0,0,0,0,0,0,0,0,0,0,0,0,0,0,0,0,0,0,0,0,0,0,0,0,0,0,0,0,0,0,0,0,0,0,0,0,0,0,0,0,0,0,['Stillwell, Austin', ' Park, Tae Hong'],Data Visualization and Analysis for Stage Monitoring Systems
0,1,South Korea,2018,2,ICMC,0,1,0,0,0,0,0,0,0,0,0,0,0,0,0,0,0,0,0,0,0,0,0,0,0,0,0,0,0,0,0,0,0,0,0,0,0,0,0,0,0,0,0,0,0,0,0,0,0,['Fasciani, Stefano', ' Rahman, Habibur'],Tangible Virtual Patch Cords
1,0,South Korea,2018,5,ICMC,0,1,0,1,0,1,0,1,0,0,0,0,0,0,0,0,0,0,0,0,0,0,0,0,0,0,0,0,0,0,0,0,0,0,0,0,0,0,0,0,0,0,0,0,0,0,0,0,0,['Levic√°n, Constanza', ' Bela√∫nde, Vernon', ' Vega, Alberto', ' Aparicio, Andr√©s', ' C√°diz, Rodrigo F.'],ENOBIO2OSC: Brain-computer Interface for Musical Creation
1,0,South Korea,2018,2,ICMC,0,1,0,0,0,0,0,0,0,0,0,0,0,0,0,0,0,0,0,0,0,0,0,0,0,0,0,0,0,0,0,0,0,0,0,0,0,0,0,0,0,0,0,0,0,0,0,0,0,['Steinmeier, Christine', ' Becking, Dominic'],Rainbow Blob: Augmented Handpan Using Leap Motion and Oculus Rift
0,1,South Korea,2018,1,ICMC,0,0,0,0,0,0,0,0,0,0,0,0,0,0,0,0,0,0,0,0,0,0,0,0,0,0,0,0,0,0,0,0,0,0,0,0,0,0,0,0,0,0,0,0,0,0,0,0,0,['Tignor, Christopher'],‚ÄúChorale‚Äù Violin Harmonization: A Practical, Compositionally-based System for Generating Live Harmonies
0,1,South Korea,2018,1,ICMC,0,0,0,0,0,0,0,0,0,0,0,0,0,0,0,0,0,0,0,0,0,0,0,0,0,0,0,0,0,0,0,0,0,0,0,0,0,0,0,0,0,0,0,0,0,0,0,0,0,['Berdahl, Edgar'],Dipole Instruments for Sketching in Hardware with Embedded Acoustics
0,0,South Korea,2018,3,ICMC,1,0,0,1,0,0,0,0,0,0,0,0,0,0,0,0,0,0,0,0,0,0,0,0,0,0,0,0,0,0,0,0,1,0,0,0,0,0,0,0,0,0,0,0,0,0,0,0,0,['Sin, Wing Lam', ' Ma, Xiaojuan', ' Horner, Andrew'],The Emotional Characteristics of Rain Sound Effects
0,0,South Korea,2018,4,ICMC,0,1,0,1,0,1,0,0,0,0,0,0,0,0,0,0,0,0,0,0,0,0,0,0,0,0,0,0,0,0,0,0,1,0,0,0,0,0,0,0,0,0,0,0,0,0,0,0,0,['Chan, Hiu Ting', ' Mo, Ronald', ' Chau, Chuck Jee', ' Horner, Andrew'],The Emotional Characteristics of Section String Instruments with Different Pitch and Dynamics