Name,Correct Gender,Title,Names
Adrián,male,The Manipuller : Strings Manipulation and Multi-Dimensional Force Sensing,"[u""Barenca, Adri\\'{a}n"", u'Torre, Giuseppe']"
Adrián,male,The Manipuller II: Strings within a Force Sensing Ring,"[u""Adria\\'n Barenca"", u'Milos Corak']"
Aisen,female,Play-A-Grill: Music To Your Teeth,[u'Aisen Caro Chacin']
Akamasu,male,Spinner: A Simple Approach to Reconfigurable User Interfaces,"[u'Kobayashi, Shigeru', u'Masayuki, Akamasu']"
Aki,male,Experiments with Virtual Reality Instruments,"[u'M\\""{a}ki-patola, Teemu', u'Laitinen, Juha', u'Kanerva, Aki', u'Takala, Tapio']"
Aki,female,"Lantern Field: Exploring Participatory Design of a Communal, Spatially Responsive Installation","[u'Brennon Bortz', u'Aki Ishida', u'Ivica Ico Bukvic', u'Benjamin Knapp']"
Aki,male,The Augmented Djembe Drum - Sculpting Rhythms,"[u'Maki-Patola, Teemu', u'H\\""{a}m\\""{a}l\\""{a}inen, Perttu', u'Kanerva, Aki']"
Akito,male,"Beatscape , a Mixed Virtual-Physical Environment for Musical Ensembles","[u'Albin, Aaron', u'Sent\\""{u}rk, Sertan', u'{Van Troyer}, Akito', u'Blosser, Brian', u'Jan, Oliver', u'Weinberg, Gil']"
Akito,male,Composing Embodied Sonic Play Experiences: Towards Acoustic Feedback Ecology,[u'Akito van Troyer']
Akito,male,DrumTop: Playing with Everyday Objects,[u'Akito van Troyer']
Alavaro,male,scoreLight : Playing with a Human-Sized Laser Pick-Up,"[u'Cassinelli, Alavaro', u'Kuribara, Yusaku', u'Zerroug, Alexis', u'Ishikawa, Masatoshi', u'Manabe, Daito']"
Alexis,male,LoopJam: turning the dance floor into a collaborative instrumental map,"[u'Christian Frisson', u""Ste\\'phane Dupont"", u'Julien Leroy', u'Alexis Moinet', u'Thierry Ravet', u'Xavier Siebert', u'Thierry Dutoit']"
Alexis,male,MAGE 2.0: New Features and its Application in the Development of a Talking Guitar,"[u'Maria Astrinaki', u""Nicolas d'Alessandro"", u'Lo\\""{\\i}c Reboursi{\\`e}re', u'Alexis Moinet', u'Thierry Dutoit']"
Alexis,male,Movement to emotions to music: using whole body emotional expression as an interaction for electronic music generation,"[u'Alexis Clay', u'Nadine Couture', u'Myriam Desainte-Catherine', u'Pierre-Henri Vulliard', u'Joseph Larralde', u'Elodie Decarsin']"
Alexis,male,scoreLight : Playing with a Human-Sized Laser Pick-Up,"[u'Cassinelli, Alavaro', u'Kuribara, Yusaku', u'Zerroug, Alexis', u'Ishikawa, Masatoshi', u'Manabe, Daito']"
Álvaro,None,Dynamics in Music Conducting: A Computational Comparative Study Among Subjects,"[u""A\\'lvaro Saras\\'ua"", u'Enric Guaus']"
Álvaro,male,Network Latency Adaptive Tempo in the Public Sound Objects System,"[u""Barbosa, A\\'lvaro"", u'Cardoso, Jorge', u'Geiger, G\\""{u}nter']"
Álvaro,male,Perfect Take: Experience design and new interfaces for musical expression,"[u'Nicolas Makelberge', u""A\\'lvaro Barbosa"", u""Andre\\' Perrotta"", u""Lui\\'s Sarmento Ferreira""]"
Álvaro,male,Ten-Hand Piano : A Networked Music Installation,"[u""Barbosa, A\\'lvaro""]"
Anders-Petter,male,Designing Empowering Vocal and Tangible Interaction,"[u'Anders-Petter Andersson', u'Birgitta Cappelen']"
Anders-Petter,male,Designing Sound for Recreation and Well-Being,"[u'Anders-Petter Andersson', u'Birgitta Cappelen', u'Fredrik Olofsson']"
Anders-Petter,male,Expanding the Role of the Instrument,"[u'Cappelen, Birgitta', u'Anderson, Anders-Petter']"
André,male,Perfect Take: Experience design and new interfaces for musical expression,"[u'Nicolas Makelberge', u""A\\'lvaro Barbosa"", u""Andre\\' Perrotta"", u""Lui\\'s Sarmento Ferreira""]"
Andrea,male,Augmented Stage for Participatory Performances,"[u'Dario Mazzanti', u'Victor Zappi', u'Darwin Caldwell', u'Andrea Brogni']"
Andrea,male,Design and Evaluation of a Hybrid Reality Performance,"[u'Zappi, Victor', u'Mazzanti, Dario', u'Brogni, Andrea', u'Caldwell, Darwin']"
Andrea,male,"GeoGraphy : a Real-Time, Graph-Based Composition Environment","[u'Valle, Andrea']"
Andrea,male,Integrated Algorithmic Composition Fluid systems for including notation in music composition cycle,"[u'Valle, Andrea']"
Andrea,male,OSC Virtual Controller,"[u'Zappi, Victor', u'Brogni, Andrea', u'Caldwell, Darwin']"
Andrea,male,The Drummer : a Collaborative Musical Interface with Mobility,"[u'Bianchi, Andrea', u'Yeo, Woon Seung']"
Anis,male,Ensemble Feedback Instruments,"[u'Muhammad Hafiz Wan Rosli', u'Karl Yerkes', u'Matthew Wright', u'Timothy Wood', u'Hannah Wolfe', u'Charlie Roberts', u'Anis Haron', u'Fernando Rincon Estrada']"
Ari,male,Tangible Music Interfaces Using Passive Magnetic Tags,"[u'Paradiso, Joseph A.', u'Hsiao, Kai-yuh', u'Benbasat, Ari']"
Ariel,None,The Electronic Sitar Controller,"[u'Kapur, Ajay', u'Lazier, Ariel J.', u'Davidson, Philip L.', u'Wilson, Scott', u'Cook, Perry R.']"
Arshia,male,Real-time Gesture Mapping in Pd Environment using Neural Networks,"[u'Cont, Arshia', u'Coduys, Thierry', u'Henry, Cyrille']"
Arshia,male,TOASTER and KROONDE: High-Resolution and High- Speed Real-time Sensor Interfaces,"[u'Coduys, Thierry', u'Henry, Cyrille', u'Cont, Arshia']"
Assegid,male,Interactive Public Sound Art: a case study,"[u'Birchfield, David', u'Phillips, Kelly', u""Kidan\\'{e}, Assegid"", u'Lorig, David']"
Atau,male,A Framework for Spatial Interaction in Locative Media,"[u'Tanaka, Atau', u'Gemeinboeck, Petra']"
Atau,male,A Survey and Thematic Analysis Approach as Input to the Design of Mobile Music GUIs,"[u'Atau Tanaka', u'Adam Parkinson', u'Zack Settel', u'Koray Tahiroglu']"
Atau,male,Machine Learning of Musical Gestures,"[u'Baptiste Caramiaux', u'Atau Tanaka']"
Atau,male,"Mapping Out Instruments, Affordances, and Mobiles","[u'Tanaka, Atau']"
Atau,male,Mobile Music Making,"[u'Tanaka, Atau']"
Atau,male,Mobile Music Technology: Report on an Emerging Community,"[u'Gaye, Lalya', u'Holmquist, Lars E.', u'Behrendt, Frauke', u'Tanaka, Atau']"
Atau,male,Multimodal Interaction in Music Using the Electromyogram and Relative Position Sensing,"[u'Tanaka, Atau', u'Knapp, Benjamin']"
Atau,male,Muscular Interactions. Combining {EMG} and MMG sensing for musical practice,"[u'Marco Donnarumma', u'Baptiste Caramiaux', u'Atau Tanaka']"
Atau,male,PiaF: A Tool for Augmented Piano Performance Using Gesture Variation Following,"[u'Alejandro Van Zandt-Escobar', u'Baptiste Caramiaux', u'Atau Tanaka']"
Atau,male,Prototyping Audiovisual Performance Tools: A Hackathon Approach,"[u'Nuno N. Correia', u'Atau Tanaka']"
Atau,male,The A20 : Musical Metaphors for Interface Design,"[u'Bau, Olivier', u'Tanaka, Atau', u'Mackay, Wendy E.']"
Atau,male,Towards Gestural Sonic Affordances,"[u'Alessandro Altavilla', u'Baptiste Caramiaux', u'Atau Tanaka']"
Ben-Zhen,male,Daft Datum -- An Interface for Producing Music Through Foot-based Interaction,"[u'Kondapalli, Ravi', u'Sung, Ben-Zhen']"
Benoît,male,"DeviceCycle : Rapid and Reusable Prototyping of Gestural Interfaces, Applied to Audio Browsing by Similarity","[u'Frisson, Christian', u'Macq, Beno\\^{\\i}t', u""Dupont, Ste\\'phane"", u'Siebert, Xavier', u'Tardieu, Damien', u'Dutoit, Thierry']"
Bernie,male,Wireless Inertial Sensor Package (WISP),"[u'Till, Bernie C.', u'Benning, Manjinder S.', u'Livingston, Nigel']"
Björn,male,{OR}OBORO: A Collaborative Controller with Interpersonal Haptic Feedback,"[u'Carlile, Jennifer', u'Hartmann, Bjo\\""rn']"
Bongjun,male,Interactive Mobile Music Performance with Digital Compass,"[u'Bongjun Kim', u'Woon Seung Yeo']"
Breege,None,The Virtual Bodhran -- The Vodhran,"[u'Marshall, Mark T.', u'Rath, Matthias', u'Moynihan, Breege']"
Byeong-jun,male,Digiti Sonus: Advanced Interactive Fingerprint Sonification Using Visual Feature Analysis,"[u'Yoon Chung Han', u'Byeong-jun Han', u'Matthew Wright']"
Byeong-jun,male,Virtual Pottery: An Interactive Audio-Visual Installation,"[u'Yoon Chung Han', u'Byeong-jun Han']"
Carr,male,The Mutha Rubboard Controller,"[u'Wilkerson, Carr', u'Serafin, Stefania', u'Ng, Carmen']"
Carr,male,TweetDreams : Making Music with the Audience and the World using Real-time Twitter Data,"[u'Dahl, Luke', u'Herrera, Jorge', u'Wilkerson, Carr']"
Cécile,female,Left and right-hand guitar playing techniques detection,"[u'Lo\\""{\\i}c Reboursie\\\'re', u'Otso L{\\""a}hdeoja', u'Thomas Drugman', u""Ste\\'phane Dupont"", u""Ce\\'cile Picard-Limpens"", u'Nicolas Riche']"
Cha-Lin,None,An Interactive Responsive Skin for Music,"[u'Tsai, Chih-Chieh', u'Liu, Cha-Lin', u'Chang, Teng-Wen']"
Chang,male,Project Scriabin v.3,"[u'Han, Chang Min']"
Charlie,male,Collaborative Live-Coding with an Immersive Instrument,"[u'Graham Wakefield', u'Charlie Roberts', u'Matthew Wright', u'Timothy Wood', u'Karl Yerkes']"
Charlie,male,Ensemble Feedback Instruments,"[u'Muhammad Hafiz Wan Rosli', u'Karl Yerkes', u'Matthew Wright', u'Timothy Wood', u'Hannah Wolfe', u'Charlie Roberts', u'Anis Haron', u'Fernando Rincon Estrada']"
Charlie,male,Rapid Creation and Publication of Digital Musical Instruments,"[u'Charlie Roberts', u'Matthew Wright', u'JoAnn Kuchera-Morin', u'Tobias H{\\""o}llerer']"
Che-Wei,None,Sound Low Fun,"[u'Tseng, Yu-Chung', u'Liu, Che-Wei', u'Chi, Tzu-Heng', u'Wang, Hui-Yu']"
Chi,None,"Mobile DJ: a Tangible, Mobile Platform for Active and Collaborative Music Listening","[u'Kenneth W.K. Lo', u'Chi Kin Lau', u'Michael Xuelin Huang', u'Wai Wa Tang', u'Grace Ngai', u'Stephen C.F. Chan']"
Chi-Hsia,female,A Design Approach to Engage with Audience with Wearable Musical Instruments: Sound Gloves,"[u'Chi-Hsia Lai', u'Koray Tahiroglu']"
Chi-Hsia,female,Audience Experience in Sound Performance,"[u'Chi-Hsia Lai', u'Till Bovermann']"
Chi-Hsia,female,Hands On Stage : A Sound and Image Performance Interface,"[u'Lai, Chi-Hsia']"
Chi-Hsia,female,Strike on Stage : a Percussion and Media Performance,"[u'Martin, Charles', u'Lai, Chi-Hsia']"
Chih-Chieh,None,An Interactive Responsive Skin for Music,"[u'Tsai, Chih-Chieh', u'Liu, Cha-Lin', u'Chang, Teng-Wen']"
Chikashi,male,Angry Sparrow,"[u'Miyama, Chikashi']"
Chikashi,male,Gestural Electronic Music using Machine Learning as Generative Device,"[u'Jan C. Schacher', u'Chikashi Miyama', u'Daniel Bisig']"
Chikashi,male,Peacock : A Non-Haptic {3D} Performance Interface,"[u'Miyama, Chikashi']"
Chin-Ming,None,Harmonic Intonation Trainer: An Open Implementation in Pure Data,"[u'Hsin-Ming Lin', u'Chin-Ming Lin']"
Chuichi,male,B.O.M.B. -Beat Of Magic Box -: Stand-Alone Synthesizer Using Wireless Synchronization System For Musical Session and Performance,"[u'Yoshihito Nakanishi', u'Seiichiro Matsumura', u'Chuichi Arakawa']"
Chuichi,male,Hop Step Junk: Sonic Visualization using Footsteps,"[u'Matsumura, Seiichiro', u'Arakawa, Chuichi']"
Chuichi,male,LINE: Interactive Sound and Light Installation,"[u'Kobori, Daisuke', u'Kagawa, Kojiro', u'Iida, Makoto', u'Arakawa, Chuichi']"
Chuichi,male,POWDER BOX: An Interactive Device with Sensor Based Replaceable Interface For Musical Session,"[u'Yoshihito Nakanishi', u'Seiichiro Matsumura', u'Chuichi Arakawa']"
Chuichi,male,Sound Rose: Creating Music and Images with a Touch Table,"[u'Crevoisier, Alain', u""Bornand, C\\'{e}dric"", u'Guichard, Arnaud', u'Matsumura, Seiichiro', u'Arakawa, Chuichi']"
Cléo,female,Eight Years of Practice on the Hyper-Flute : Technological and Musical Perspectives,"[u""Palacio-Quintin, Cl\\'{e}o""]"
Cléo,female,The Hyper-Flute,"[u""Palacio-Quintin, Cl\\'{e}o""]"
Click,male,Live Coding Practice,"[u'Nilson, Click']"
Collective,None,Miller,[u'Collective Dearraindrop']
Da-Lei,None,Wireless Interactive Sensor Platform for Real-Time Audio-Visual Experience,"[u'Jia-Liang Lu', u'Da-Lei Fang', u'Yi Qin', u'Jiu-Qiang Tang']"
Dae,None,Laptap: Laptop Computer as a Musical Instrument using Audio Feedback,"[u'Dae Ryong Hong', u'Woon Seung Yeo']"
Dae,None,New Interfaces for Traditional Korean Music and Dance,"[u'Ajay Kapur', u'Dae Hong Kim', u'Raakhi Kapur', u'Kisoon Eom']"
Dae,None,Sound Surfing Network (SSN): Mobile Phone-based Sound Spatialization with Audience Collaboration,"[u'Saebyul Park', u'Seonghoon Ban', u'Dae Ryong Hong', u'Woon Seung Yeo']"
Daito,male,scoreLight : Playing with a Human-Sized Laser Pick-Up,"[u'Cassinelli, Alavaro', u'Kuribara, Yusaku', u'Zerroug, Alexis', u'Ishikawa, Masatoshi', u'Manabe, Daito']"
Dannie,male,Stage- vs. Channel-strip Metaphor - Comparing Performance when Adjusting Volume and Panning of a Single Channel in a Stereo Mix,"[u'Steven Gelineck', u'Dannie Korsgaard', u'Morten B\\""uchert']"
Diemo,male,DIRTI ---Dirty Tangible Interfaces,"[u'Matthieu Savary', u'Diemo Schwarz', u'Denis Pellerin']"
Diemo,male,Rich Contacts: Corpus-Based Convolution of Contact Interaction Sound for Enhanced Musical Expression,"[u'Diemo Schwarz', u'Pierre Alexandre Tremblay', u'Alex Harker']"
Diemo,male,Score Following: State of the Art and New Developments,"[u'Orio, Nicola', u'Lemouton, Serge', u'Schwarz, Diemo']"
Diemo,male,Surfing the Waves : Live Audio Mosaicing of an Electric Bass Performance as a Corpus Browsing Interface,"[u'Tremblay, Pierre Alexandre', u'Schwarz, Diemo']"
Diemo,male,The Sound Space as Musical Instrument: Playing Corpus-Based Concatenative Synthesis,[u'Diemo Schwarz']
Diemo,male,Tingle: A Digital Music Controller Re-Capturing the Acoustic Instrument Experience,"[u'Rhys Duindam', u'Diemo Schwarz', u'Hans Leeuw']"
Dima,None,A Max/MSP Approach for Incorporating Digital Music via Laptops in Live Performances of Music Bands,"[u'Yehiel Amo', u'Gil Zissu', u'Shaltiel Eloul', u'Eran Shlomi', u'Dima Schukin', u'Almog Kalifa']"
Donagh,None,Circles and Seeds: Adapting Kpelle Ideas about Music Performance for Collaborative Digital Music performance,"[u'Griffith, Niall J.', u""O'Leary, Sean"", u""O'Shea, Donagh"", u'Hammond, Ed', u""O'Modhrain, Sile""]"
Dongjuan,None,Low-Latency Audio Pitch Tracking: A Multi-Modal Sensor-Assisted Approach,"[u'Laurel Pardue', u'Dongjuan Nian', u'Christopher Harte', u'Andrew McPherson']"
Doria,None,Swayway - Midi Chimes,"[u'Melo, Mauricio', u'Fan, Doria']"
Edmar,male,Multidimensional sound spatialization by means of chaotic dynamical systems,"[u'Edmar Soria', u'Roberto Morales-Manzanares']"
Eli,male,The Sound Flinger : A Haptic Spatializer,"[u'Carlson, Chris', u'Marschner, Eli', u'Mccurry, Hunter']"
Esa,male,Prototyping hand-based wearable music education technology,"[u'Mikko Myllykoski', u'Kai Tuuri', u'Esa Viirret', u'Jukka Louhivuori', u'Antti Peltomaa', u'Janne Kek\\""al\\""ainen']"
EunJoo,None,Paralinguistic Microphone,"[u'Alex McLean', u'EunJoo Shin', u'Kia Ng']"
Fred́éric,male,Extracting Human Expression For Interactive Composition with the Augmented Violin,"[u'Mari Kimura', u'Nicolas Rasamimanana', u""Fred\\'e\\'ric Bevilacqua"", u'Norbert Schnell', u'Bruno Zamborlin', u""Emmanuel Fl{\\'e}ty""]"
Frédéric,male,Probabilistic Models for Designing Motion and Sound Relationships,"[u'Jules Fran\\c{c}oise', u'Norbert Schnell', u'Riccardo Borghesi', u""Fre\\'de\\'ric Bevilacqua""]"
Fumitaka,None,Development of A Learning Environment for Playing Erhu by Diagnosis and Advice regarding Finger Position on Strings,"[u'Fumitaka Kikukawa', u'Sojiro Ishihara', u'Masato Soga', u'Hirokazu Taki']"
Gaël,male,MoodifierLive : Interactive and Collaborative Expressive Music Performance on Mobile Devices,"[u'Fabiani, Marco', u'Dubus, Ga\\""{e}l', u'Bresin, Roberto']"
Gamhewage,male,A Novel Face-tracking Mouth Controller and its Application to Interacting with Bioacoustic Models,"[u'de Silva, Gamhewage C.', u'Smyth, Tamara', u'Lyons, Michael J.']"
Gascia,female,Biomuse Trio,"[u'Lyon, Eric', u'Knapp, Benjamin', u'Ouzounian, Gascia']"
Gascia,female,Music for Sleeping \& Waking Minds,"[u'Gascia Ouzounian', u'Benjamin R. Knapp', u'Eric Lyon', u'Luke DuBois']"
Ge,male,Auraglyph: Handwritten Computer Music Composition and Design,"[u'Spencer Salazar', u'Ge Wang']"
Ge,male,Borderlands -An Audiovisual Interface for Granular Synthesis,"[u'Chris Carlson', u'Ge Wang']"
Ge,male,Building Collaborative Graphical interFaces in the Audicle,"[u'Wang, Ge', u'Misra, Ananya', u'Cook, Perry R.']"
Ge,male,Designing for the iPad : Magic Fiddle,"[u'Wang, Ge', u'Oh, Jieun', u'Lieber, Tom']"
Ge,male,Designing Smule{\textquoteright}s Ocarina : The iPhone{\textquoteright}s Magic Flute,"[u'Wang, Ge']"
Ge,male,Don't Forget the Laptop : Using Native Input Capabilities for Expressive Musical Control,"[u'Fiebrink, Rebecca', u'Wang, Ge', u'Cook, Perry R.']"
Ge,male,Evolving The Mobile Phone Orchestra,"[u'Oh, Jieun', u'Herrera, Jorge', u'Bryan, Nicholas J.', u'Dahl, Luke', u'Wang, Ge']"
Ge,male,LOLOL: Laugh Out Loud On Laptop,"[u'Jieun Oh', u'Ge Wang']"
Ge,male,LUSH : An Organic Eco + Music System,"[u'Choi, Hongchan', u'Wang, Ge']"
Ge,male,MadPad : A Crowdsourcing System for Audiovisual Sampling,"[u'Kruge, Nick', u'Wang, Ge']"
Ge,male,Many-Person Instruments for Computer Music Performance,"[u'Michael Rotondo', u'Nick Kruge', u'Ge Wang']"
Ge,male,MoMu : A Mobile Music Toolkit,"[u'Bryan, Nicholas J.', u'Herrera, Jorge', u'Oh, Jieun', u'Wang, Ge']"
Ge,male,On-the-fly Programming: Using Code as an Expressive Musical Instrument,"[u'Wang, Ge', u'Cook, Perry R.']"
Ge,male,Ping-Pong: Musically Discovering Locations,"[u'Hyung Suk Kim', u'Jorge Herrera', u'Ge Wang']"
Ge,male,PLOrk Beat Science 2.0,"[u'Wang, Ge', u'Fiebrink, Rebecca']"
Ge,male,Sound Bounce : Physical Metaphors in Designing Mobile Music Performance,"[u'Dahl, Luke', u'Wang, Ge']"
Ge,male,SoundCraft: Transducing StarCraft 2,"[u'Mark Cerqueira', u'Spencer Salazar', u'Ge Wang']"
Ge,male,Two Turntables and a Mobile Phone,"[u'Bryan, Nicholas J.', u'Wang, Ge']"
Ge,male,"Yeah, ChucK It! = > Dynamic , Controllable Interface Mapping","[u'Wang, Ge', u'Cook, Perry R.']"
Geber,male,Considering Audience's View Towards an Evaluation Methodology for Digital Musical Instruments,"[u'Jero\\^nimo Barbosa', u'Filipe Calegario', u'Vero\\^nica Teichrieb', u'Geber Ramalho', u'Patrick McGlynn']"
Geber,male,Designing DMIs for Popular Music in the Brazilian Northeast: Lessons Learned,"[u'Jero\\^nimo Barbosa', u'Filipe Calegario', u'Jo\\~ao Tragtenberg', u'Giordano Cabral', u'Geber Ramalho', u'Marcelo M. Wanderley']"
Gibeom,None,Sound Spray - can-shaped sound effect device,"[u'Gibeom Park', u'Kyogu Lee']"
Glorianna,female,Cutaneous Grooves: Composing for the Sense of Touch,"[u'Gunther, Eric', u'Davenport, Glorianna', u""O'Modhrain, Sile""]"
Gunho,male,TAPIR Sound Tag: An Enhanced Sonic Communication Framework for Audience Participatory Performance,"[u'Jimin Jeon', u'Gunho Chae', u'Edward Jangwon Lee', u'Woon Seung Yeo']"
Haojing,female,Sketch-Based Musical Composition and Performance,"[u'Haojing Diao', u'Yanchao Zhou', u'Christopher Andrew Harte', u'Nick Bryan-Kinns']"
Harri,male,Associating Emoticons with Musical Genres,"[u'Holm, Jukka', u'Holm, Harri', u'Sepp\\""{a}nen, Jarno']"
Hayami,None,Construction of a System for Recognizing Touch of Strings for Guitar,"[u'Hayami Tobise', u'Yoshinari Takegawa', u'Tsutomu Terada', u'Masahiko Tsukamoto']"
Hernán,male,An Open Source Interface based on Biological Neural Networks for Interactive Music Performance,"[u""Kerlle\\~{n}evich, Hern\\'{a}n"", u""Egu\\'{\\i}a, Manuel C."", u'Riera, Pablo E.']"
Hirokazu,None,Development of A Learning Environment for Playing Erhu by Diagnosis and Advice regarding Finger Position on Strings,"[u'Fumitaka Kikukawa', u'Sojiro Ishihara', u'Masato Soga', u'Hirokazu Taki']"
Hironori,None,First Person Shooters as Collaborative Multiprocess Instruments,"[u'Berthaut, Florent', u'Katayose, Haruhiro', u'Wakama, Hironori', u'Totani, Naoyuki', u'Sato, Yuichi']"
Ho-Cheung,male,WIJAM: A Mobile Collaborative Improvisation Platform under Master-players Paradigm,"[u'Jun-qi Deng', u'Francis Chi Moon Lau', u'Ho-Cheung Ng', u'Yu-Kwong Kwok', u'Hung-Kwan Chen', u'Yu-heng Liu']"
Homei,male,Thermoscore: A New-type Musical Score with Temperature Sensation,"[u'Miyashita, Homei', u'Nishimoto, Kazushi']"
Hong-va,male,Computer Assisted Melo-rhythmic Generation of Traditional Chinese Music from Ink Brush Calligraphy,"[u'Will W. W. Tang', u'Stephen Chan', u'Grace Ngai', u'Hong-va Leong']"
Hongchan,male,LUSH : An Organic Eco + Music System,"[u'Choi, Hongchan', u'Wang, Ge']"
Hongchan,male,The Deckle Project : A Sketch of Three Sensors,"[u'Hongchan Choi', u'John Granzow', u'Joel Sadler']"
Hongchan,male,WAAX: Web Audio {API} eXtension,"[u'Hongchan Choi', u'Jonathan Berger']"
Hsin-Ming,male,Harmonic Intonation Trainer: An Open Implementation in Pure Data,"[u'Hsin-Ming Lin', u'Chin-Ming Lin']"
Hui-Yu,None,Sound Low Fun,"[u'Tseng, Yu-Chung', u'Liu, Che-Wei', u'Chi, Tzu-Heng', u'Wang, Hui-Yu']"
Humane,female,Light Pipes: A Light Controlled MIDI Instrument,"[u'Won, Sook Y.', u'Chan, Humane', u'Liu, Jeremy']"
Hung-Kwan,male,WIJAM: A Mobile Collaborative Improvisation Platform under Master-players Paradigm,"[u'Jun-qi Deng', u'Francis Chi Moon Lau', u'Ho-Cheung Ng', u'Yu-Kwong Kwok', u'Hung-Kwan Chen', u'Yu-heng Liu']"
Hye,None,SORISU : Sound with Numbers,"[u'Min, Hye Ki']"
Hyun-Soo,None,Interactive Music Studio : The Soloist,"[u'Kim, Hyun-Soo', u'Yoon, Je-Han', u'Jung, Moon-Sik']"
In-Kwon,male,Creating Musical Expression using Kinect,"[u'Yoo, Min-Joon', u'Beak, Jin-Wook', u'Lee, In-Kwon']"
Iván,male,VIFE \_ alpha v.01 Real-time Visual Sound Installation performed by Glove-Gesture,"[u""Rodr\\'{\\i}guez, David"", u""Rodr\\'{\\i}guez, Iv\\'{a}n""]"
Ivika,male,Elemental \& Cyrene Reefs,"[u'Bukvic, Ivika', u'Standley, Eric']"
Ivika,male,Introducing L2Ork : Linux Laptop Orchestra,"[u'Bukvic, Ivika', u'Martin, Thomas', u'Standley, Eric', u'Matthews, Michael']"
IXISoftware,None,IXI software,"[u',IXISoftware']"
Jaeseong,male,Remix_Dance 3: Improvisatory Sound Displacing on Touch Screen-Based Interface,"[u'Jaeseong You', u'Red Wierenga']"
Jamie,male,boomBox,"[u'Allen, Jamie']"
Jamie,male,Integra Live : a New Graphical User Interface for Live Electronic Music,"[u'Bullock, Jamie', u'Beattie, Daniel', u'Turner, Jerome']"
Jamie,male,Kugelschwung -a Pendulum-based Musical Instrument,"[u'Jamie Henson', u'Benjamin Collins', u'Alexander Giles', u'Kathryn Webb', u'Matthew Livingston', u'Thomas Mortensson']"
Jamie,male,"ml.lib: Robust, Cross-platform, Open-source Machine Learning for Max and Pure Data","[u'Jamie Bullock', u'Ali Momeni']"
Jamie,male,Orphion: A Gestural Multi-Touch Instrument for the iPad,"[u'Sebastian Trump', u'Jamie Bullock']"
Jamie,male,Towards a Humane Graphical User Interface for Live Electronic Music,"[u'Bullock, Jamie', u'Coccioli, Lamberto']"
Jan,male,Action and Perception in Interactive Sound Installations : An Ecological Approach,"[u'Schacher, Jan C.']"
Jan,male,Bangarama: Creating Music With Headbanging,"[u'Bardos, Laszlo', u'Korinek, Stefan', u'Lee, Eric', u'Borchers, Jan']"
Jan,male,conga: A Framework for Adaptive Conducting Gesture Analysis,"[u'Lee, Eric', u'Gr\\""{u}ll, Ingo', u'Keil, Henning', u'Borchers, Jan']"
Jan,male,"Davos Soundscape, a Location Based Interactive Composition","[u'Schacher, Jan C.']"
Jan,male,Flowspace -- A Hybrid Ecosystem,"[u'Bisig, Daniel', u'Schacher, Jan C.', u'Neukom, Martin']"
Jan,male,Gestural Electronic Music using Machine Learning as Generative Device,"[u'Jan C. Schacher', u'Chikashi Miyama', u'Daniel Bisig']"
Jan,male,Gesture Control of Sounds in {3D} Space,"[u'Schacher, Jan C.']"
Jan,male,Gliss : An Intuitive Sequencer for the iPhone and iPad,"[u'von Falkenstein, Jan T.']"
Jan,male,Hybrid Musicianship - Teaching Gestural Interaction with Traditional and Digital Instruments,[u'Jan C. Schacher']
Jan,male,MICON A Music Stand for Interactive Conducting,"[u'Borchers, Jan', u'Hadjakos, Aristotelis', u'M\\""{u}hlh\\""{a}user, Max']"
Jan,male,Motion To Gesture To Sound : Mapping For Interactive Dance,"[u'Schacher, Jan C.']"
Jan,male,REMUPP -- An Interactive Tool for Investigating Musical Properties and Relations,"[u'Wingstedt, Johnny', u'Liljedahl, Mats', u'Lindberg, Stefan', u'Berg, Jan']"
Jan,male,REXband : A Multi-User Interactive Exhibit for Exploring Medieval Music,"[u'Lee, Eric', u'Wolf, Marius', u'Jansen, Yvonne', u'Borchers, Jan']"
Jan,male,SABRe: The Augmented Bass Clarinet,"[u""Se\\'bastien Schiesser"", u'Jan C. Schacher']"
Jan,male,The HOP Sensor : Wireless Motion Sensor,"[u'Kuyken, Bart', u'Verstichel, Wouter', u'Bossuyt, Frederick', u'Vanfleteren, Jan', u'Demey, Michiel', u'Leman, Marc']"
Jan,male,The Musical Synchrotron : Using Wireless Motion Sensors to Study How Social Interaction Affects Synchronization with Musical Tempo,"[u'Demey, Michiel', u'Leman, Marc', u'Bossuyt, Frederick', u'Vanfleteren, Jan']"
Jan,male,"The Quarterstaff, a Gestural Sensor Instrument",[u'Jan C. Schacher']
Jan,male,The Role of Time in Engineering Computer Music Systems,"[u'Lee, Eric', u'Borchers, Jan']"
Jan,male,Towards Rhythmic Analysis of Human Motion Using Acceleration-Onset Times,"[u'Lee, Eric', u'Enke, Urs', u'Borchers, Jan', u'de Jong, Leo']"
Jan,male,"Traces -- Body, Motion and Sound","[u'Schacher, Jan C.', u'Stoecklin, Angela']"
Jan,male,Visualizing Song Structure on Timecode Vinyls,"[u'Florian Heller', u'Jan Borchers']"
Jan,male,You're The Conductor: A Realistic Interactive Conducting System for Children,"[u'Lee, Eric', u'Nakra, Teresa M.', u'Borchers, Jan']"
Janne,male,Prototyping hand-based wearable music education technology,"[u'Mikko Myllykoski', u'Kai Tuuri', u'Esa Viirret', u'Jukka Louhivuori', u'Antti Peltomaa', u'Janne Kek\\""al\\""ainen']"
Je-Han,None,Interactive Music Studio : The Soloist,"[u'Kim, Hyun-Soo', u'Yoon, Je-Han', u'Jung, Moon-Sik']"
Jeong-seob,male,A Gesture Detection with Guitar Pickup and Earphones,"[u'Sangwon Suh', u'Jeong-seob Lee', u'Woon Seung Yeo']"
Jeong-seob,male,Real-time Modification of Music with Dancer's Respiration Pattern,"[u'Jeong-seob Lee', u'Woon Seung Yeo']"
Jeong-seob,male,Sonicstrument : A Musical Interface with Stereotypical Acoustic Transducers,"[u'Lee, Jeong-seob', u'Yeo, Woon Seung']"
Jérôme,male,"Visual Representation in GENESIS as a tool for Physical Modeling, Sound Synthesis and Musical Composition","[u""Je\\'ro\\^me Villeneuve"", u'Claude Cadoz', u""Nicolas Castagne\\'""]"
Jerônimo,male,Considering Audience's View Towards an Evaluation Methodology for Digital Musical Instruments,"[u'Jero\\^nimo Barbosa', u'Filipe Calegario', u'Vero\\^nica Teichrieb', u'Geber Ramalho', u'Patrick McGlynn']"
Jerônimo,male,Designing DMIs for Popular Music in the Brazilian Northeast: Lessons Learned,"[u'Jero\\^nimo Barbosa', u'Filipe Calegario', u'Jo\\~ao Tragtenberg', u'Giordano Cabral', u'Geber Ramalho', u'Marcelo M. Wanderley']"
Jia-Liang,None,Wireless Interactive Sensor Platform for Real-Time Audio-Visual Experience,"[u'Jia-Liang Lu', u'Da-Lei Fang', u'Yi Qin', u'Jiu-Qiang Tang']"
Jie,None,ESP: A Driving Interface for Expression Synthesis,"[u'Chew, Elaine', u'Francois, Alexander R.', u'Liu, Jie', u'Yang, Aaron']"
Jiffer,male,endo/exo Making Art and Music with Distributed Computing,"[u'Jiffer Harriman', u'Michael Theodore', u'Nikolaus Correll', u'Hunter Ewen']"
Jiffer,male,Feedback Lapsteel : Exploring Tactile Transducers As String Actuators,[u'Jiffer Harriman']
Jiffer,male,Pd Poems and Teaching Tools,[u'Jiffer Harriman']
Jiffer,male,Quadrofeelia -- A New Instrument for Sliding into Notes,"[u'Harriman, Jiffer', u'Casey, Locky', u'Melvin, Linden']"
Jiffer,male,Sinkapater -An Untethered Beat Sequencer,[u'Jiffer Harriman']
Jiffer,male,Start 'em Young: Digital Music Instrument for Education,[u'Jiffer Harriman']
Jimin,male,TAPIR Sound Tag: An Enhanced Sonic Communication Framework for Audience Participatory Performance,"[u'Jimin Jeon', u'Gunho Chae', u'Edward Jangwon Lee', u'Woon Seung Yeo']"
Jin-Wook,None,Creating Musical Expression using Kinect,"[u'Yoo, Min-Joon', u'Beak, Jin-Wook', u'Lee, In-Kwon']"
Jingyin,male,Developing A Physical Gesture Acquisition System for Guqin Performance,"[u'Jingyin He', u'Ajay Kapur', u'Dale Carnegie']"
Jingyin,male,Kontrol: Hand Gesture Recognition for Music and Dance Interaction,"[u'Kameron Christopher', u'Jingyin He', u'Raakhi Kapur', u'Ajay Kapur']"
Jiu-Qiang,male,Wireless Interactive Sensor Platform for Real-Time Audio-Visual Experience,"[u'Jia-Liang Lu', u'Da-Lei Fang', u'Yi Qin', u'Jiu-Qiang Tang']"
Jõao,male,Designing DMIs for Popular Music in the Brazilian Northeast: Lessons Learned,"[u'Jero\\^nimo Barbosa', u'Filipe Calegario', u'Jo\\~ao Tragtenberg', u'Giordano Cabral', u'Geber Ramalho', u'Marcelo M. Wanderley']"
Joëlle,female,AirPiano: A Multi-Touch Keyboard with Hovering Control,"[u""Nicolas d'Alessandro"", u'Joe\\""lle Tilmanne', u'Ambroise Moreau', u'Antonin Puleo']"
Johnty,male,A Digital Mobile Choir: Joining Two Interfaces towards Composing and Performing Collaborative Mobile Music,"[u""Nicolas d'Alessandro"", u'Aura Pon', u'Johnty Wang', u'David Eagle', u'Ehud Sharlin', u'Sidney Fels']"
Johnty,male,Investigation of Gesture Controlled Articulatory Vocal Synthesizer using a Bio-Mechanical Mapping Layer,"[u'Johnty Wang', u""Nicolas d'Alessandro"", u'Sidney Fels', u'Robert Pritchard']"
Johnty,male,PENny: An Extremely Low-Cost Pressure-Sensitive Stylus for Existing Capacitive Touchscreens,"[u'Johnty Wang', u""Nicolas d'Alessandro"", u'Aura Pon', u'Sidney Fels']"
Johnty,male,SQUEEZY : Extending a Multi-touch Screen with Force Sensing Objects for Controlling Articulatory Synthesis,"[u'Wang, Johnty', u""d'Alessandro, Nicolas"", u'Fels, Sidney S.', u'Pritchard, Bob']"
Johnty,male,Womba: A Musical Instrument for an Unborn Child,"[u'Aura Pon', u'Johnty Wang', u'Laurie Radford', u'Sheelagh Carpendale']"
Jônatas,male,"Composing for DMIs Entoa, a Dedicate Piece for Intonaspacio","[u'Clayton Mamedes', u'Mailis Rodrigues', u'Marcelo M. Wanderley', u'Jo\\^natas Manzolli', u'Denise H. L. Garcia', u'Paulo Ferreira-Lopes']"
Jordan,male,A Shift Towards Iterative and Open-Source Design for Musical Interfaces,"[u'Vallis, Owen', u'Hochenbaum, Jordan', u'Kapur, Ajay']"
Jordan,male,Adding Z-Depth and Pressure Expressivity to Tangible Tabletop Surfaces,"[u'Hochenbaum, Jordan', u'Kapur, Ajay']"
Jordan,male,Designing Expressive Musical Interfaces for Tabletop Surfaces,"[u'Hochenbaum, Jordan', u'Vallis, Owen', u'Diakopoulos, Dimitri', u'Murphy, Jim', u'Kapur, Ajay']"
Jordan,male,Drum Stroke Computing: Multimodal Signal Processing for Drum Stroke Identification and Performance Metrics,"[u'Jordan Hochenbaum', u'Ajay Kapur']"
Jordan,male,Multimodal Musician Recognition,"[u'Hochenbaum, Jordan', u'Kapur, Ajay', u'Wright, Matthew']"
Jordan,male,sutoolz 1.0 alpha : {3D} Software Music Interface,"[u'Wynnychuk, Jordan', u'Porcher, Richard', u'Brajovic, Lucas', u'Brajovic, Marko', u'Platas, Nacho']"
Jordan,male,Techniques in Swept Frequency Capacitive Sensing: An Open Source Approach,"[u'Colin Honigman', u'Jordan Hochenbaum', u'Ajay Kapur']"
Jordan,male,The KarmetiK NotomotoN : A New Breed of Musical Robot for Teaching and Performance,"[u'Kapur, Ajay', u'Darling, Michael', u'Murphy, Jim', u'Hochenbaum, Jordan', u'Diakopoulos, Dimitri', u'Trimpin, Trimpin']"
Jordan,male,Toward The Future Practice Room: Empowering Musical Pedagogy through Hyperinstruments,"[u'Jordan Hochenbaum', u'Ajay Kapur']"
Jules,male,Probabilistic Models for Designing Motion and Sound Relationships,"[u'Jules Fran\\c{c}oise', u'Norbert Schnell', u'Riccardo Borghesi', u""Fre\\'de\\'ric Bevilacqua""]"
Jun-qi,male,WIJAM: A Mobile Collaborative Improvisation Platform under Master-players Paradigm,"[u'Jun-qi Deng', u'Francis Chi Moon Lau', u'Ho-Cheung Ng', u'Yu-Kwong Kwok', u'Hung-Kwan Chen', u'Yu-heng Liu']"
Jung-Sim,None,"Robust and Reliable Fabric, Piezoresistive Multitouch Sensing Surfaces for Musical Controllers","[u'Roh, Jung-Sim', u'Mann, Yotam', u'Freed, Adrian', u'Wessel, David']"
Juno,male,Oculog : Playing with Eye Movements,"[u'Kim, Juno', u'Schiemer, Greg', u'Narushima, Terumi']"
Jürg,male,GoingPublik: Using Realtime Global Score Synthesis,"[u'Gutknecht, Ju\\""rg', u'Clay, Art', u'Frey, Thomas']"
Ka,None,SoloTouch: A Capacitive Touch Controller with Lick-based Note Selector,"[u'Jackie', u'Yi Tang Chui', u'Mubarak Marafa', u'Samson', u'Ka Fai Young']"
Kai-yuh,male,Tangible Music Interfaces Using Passive Magnetic Tags,"[u'Paradiso, Joseph A.', u'Hsiao, Kai-yuh', u'Benbasat, Ari']"
Kameron,male,Kontrol: Hand Gesture Recognition for Music and Dance Interaction,"[u'Kameron Christopher', u'Jingyin He', u'Raakhi Kapur', u'Ajay Kapur']"
Karon,female,Evaluation of {3D} Haptic Target Rendering to Support Timing in Music Tasks,"[u'Pedrosa, Ricardo', u'Maclean, Karon E.']"
Katsuhiko,male,GAINER: A Reconfigurable {I/O} Module and Software Libraries for Education,"[u'Kobayashi, Shigeru', u'Endo, Takanori', u'Harada, Katsuhiko', u'Oishi, Shosei']"
Kazuomi,male,Sense of Space: The Audience Participation Music Performance with High-Frequency Sound ID,"[u'Masami Hirabayashi', u'Kazuomi Eshima']"
Kedzie,female,A Study of Two Thereminists : Towards Movement Informed Instrument Design,"[u'Ward, Nicholas', u'Penfield, Kedzie', u""O'Modhrain, Sile"", u'Knapp, Benjamin']"
Keechul,None,Freepad : A Custom Paper-based MIDI Interface,"[u'Chun, Sungkuk', u'Hawryshkewich, Andrew', u'Jung, Keechul', u'Pasquier, Philippe']"
Kendall,None ,Granular Learning Objects for Instrument Design and Collaborative Performance in K-12 Education,"[u'Ivica Bukvic', u'Liesl Baum', u'Bennett Layman', u'Kendall Woodard']"
Kisoon,male,New Interfaces for Traditional Korean Music and Dance,"[u'Ajay Kapur', u'Dae Hong Kim', u'Raakhi Kapur', u'Kisoon Eom']"
Kojiro,male,Approaches to Interaction in a Digital Music Ensemble,"[u'Ian Hattwick', u'Kojiro Umezaki']"
Kojiro,None,LINE: Interactive Sound and Light Installation,"[u'Kobori, Daisuke', u'Kagawa, Kojiro', u'Iida, Makoto', u'Arakawa, Chuichi']"
Kouki,None,MusicGlove : A Wearable Musical Controller for Massive Media Library,"[u'Hayafuchi, Kouki', u'Suzuki, Kenji']"
Kris,male,ImprovGenerator : Online Grammatical Induction for On-the-Fly Improvisation Accompaniment,"[u'Kitani, Kris M.', u'Koike, Hideki']"
Kunimatsu,male,Development of the Waseda Saxophonist Robot and Implementation of an Auditory Feedback Control,"[u'Solis, Jorge', u'Petersen, Klaus', u'Yamamoto, Tetsuro', u'Takeuchi, Masaki', u'Ishikawa, Shimpei', u'Takanishi, Atsuo', u'Hashimoto, Kunimatsu']"
Kyogu,male,{SW}AF: Towards a Web Application Framework for Composition and Documentation of Soundscape,"[u'Choe, Souhwan', u'Lee, Kyogu']"
Kyogu,male,A Musical Performance Evaluation System for Beginner Musician based on Real-time Score Following,"[u'Yoonchang Han', u'Sejun Kwon', u'Kibeom Lee', u'Kyogu Lee']"
Kyogu,male,FutureGrab: A wearable subtractive synthesizer using hand gesture,"[u'Yoonchang Han', u'Jinsoo Na', u'Kyogu Lee']"
Kyogu,male,Sound Spray - can-shaped sound effect device,"[u'Gibeom Park', u'Kyogu Lee']"
Kyogu,male,Voicon: An Interactive Gestural Microphone For Vocal Performance,"[u'Yongki Park', u'Hoon Heo', u'Kyogu Lee']"
Laewoo,None,H\'{e} : Calligraphy as a Musical Interface,"[u'Kang, Laewoo', u'Chien, Hsin-Yi']"
Lane,male,BRAAHMS: A Novel Adaptive Musical Interface Based on Users' Cognitive State,"[u'Beste Filiz Yuksel', u'Daniel Afergan', u'Evan Peck', u'Garth Griffin', u'Lane Harrison', u'Nick Chen', u'Remco Chang', u'Robert Jacob']"
Lee,male,The Argus Project : Underwater Soundscape Composition with Laser- Controlled Modulation,"[u'Kirk, Jonathon', u'Weisert, Lee']"
Lijuan,None,A Wii-Based Gestural Interface for Computer Conducting Systems,"[u'Peng, Lijuan', u'Gerhard, David']"
Locky,None,Quadrofeelia -- A New Instrument for Sliding into Notes,"[u'Harriman, Jiffer', u'Casey, Locky', u'Melvin, Linden']"
Lonce,male,A Self-Organizing Gesture Map for a Voice-Controlled Instrument Interface,"[u'Stefano Fasciani', u'Lonce Wyse']"
LONCE,male,A Voice Interface for Sound Generators: adaptive and automatic mapping of gestures to sound,"[u'STEFANO FASCIANI', u'LONCE WYSE']"
Lonce,male,Instrumentalizing Synthesis Models,"[u'Wyse, Lonce', u'Duy, Nguyen D.']"
Lonce,male,Palm-area sensitivity to vibrotactile stimuli above 1~{kHz},"[u'Lonce Wyse', u'Suranga Nanayakkara', u'Paul Seekings', u'Sim Heng Ong', u'Elizabeth Taylor']"
Lonce,male,The Effect of Visualizing Audio Targets in a Musical Listening and Performance Task,"[u'Wyse, Lonce', u'Mitani, Norikazu', u'Nanayakkara, Suranga']"
Lüder,male,"""playing robot"" : An Interactive Sound Installation in Human-Robot Interaction Design for New Media Art","[u'Buch, Benjamin', u'Coussement, Pieter', u'Schmidt, L\\""{u}der']"
Ludger,male,The ZKM Klangdom,"[u'Ramakrishnan, Chandrasekhar', u'Go\\ss man, Joachim', u'Br\\""{u}mmer, Ludger']"
Luís,male,Perfect Take: Experience design and new interfaces for musical expression,"[u'Nicolas Makelberge', u""A\\'lvaro Barbosa"", u""Andre\\' Perrotta"", u""Lui\\'s Sarmento Ferreira""]"
Madeiras,None,"Battle of the DJs: an HCI Perspective of Traditional, Virtual, Hybrid and Multitouch DJing","[u'Lopez, Pedro', u'Ferreira, Alfredo', u'Pereira, Madeiras']"
Manu,None,Using Audio and Haptic Feedback to Improve Pitched Percussive Instrument Performance in Humanoids,"[u'Alyssa Batula', u'Manu Colacot', u'David Grunberg', u'Youngmoo Kim']"
Martín,male,BeatJockey : A New Tool for Enhancing DJ Skills,"[u'Molina, Pablo', u""Haro, Mart\\'{\\i}n"", u'Jord\\`{a}, Sergi']"
Meason,male,Multi-Laser Gestural Interface --- Solutions for Cost-Effective and Open Source Controllers,"[u'Wiley, Meason', u'Kapur, Ajay']"
Mickey,None,Personalized Song Interaction Using a Multi Touch Interface,"[u'Jeffrey Scott', u'Mickey Moorhead', u'Justin Chapman', u'Ryan Schwabe', u'Youngmoo E. Kim']"
Mika,male,Towards Idiomatic and Flexible Score-based Gestural Control with a Scripting Language,"[u'Laurson, Mikael', u'Kuuskankare, Mika']"
Min-Gyu,male,A Robot Musician Interacting with a Human Partner through Initiative Exchange,"[u'Pan, Ye', u'Kim, Min-Gyu', u'Suzuki, Kenji']"
Min-Joon,male,Creating Musical Expression using Kinect,"[u'Yoo, Min-Joon', u'Beak, Jin-Wook', u'Lee, In-Kwon']"
Mingfei,None,LUMI : Live Performance Paradigms Utilizing Software Integrated Touch Screen and Pressure Sensitive Button Matrix,"[u'Gao, Mingfei', u'Hanson, Craig']"
Mo,male,Rasper: a Mechatronic Noise-Intoner,"[u'Mo Zareei', u'Ajay Kapur', u'Dale A. Carnegie']"
Moon-Sik,None,Interactive Music Studio : The Soloist,"[u'Kim, Hyun-Soo', u'Yoon, Je-Han', u'Jung, Moon-Sik']"
Motohide,male,Ergonomic Design of A Portable Musical Instrument,"[u'Hatanaka, Motohide']"
Nan-Wei,female,A Customizable Sensate Surface for Music Control,"[u'Nan-Wei Gong', u'Nan Zhao', u'Joseph Paradiso']"
Nan-Wei,female,MusicGrip : A Writing Instrument for Music Control,"[u'Gong, Nan-Wei', u'Laibowitz, Mat', u'Paradiso, Joseph A.']"
Naotoshi,male,Providing a feeling of other remote learners' presence in an online learning environment via realtime sonification of Moodle access log,"[u'Toshihiro KITA', u'Naotoshi Osaka']"
Nguyen,male,Instrumentalizing Synthesis Models,"[u'Wyse, Lonce', u'Duy, Nguyen D.']"
Nicola,male,Input Devices for Musical Expression : Borrowing Tools from HCI,"[u'Orio, Nicola', u'Schnell, Norbert', u'Wanderley, Marcelo M.']"
Nicola,male,Score Following: State of the Art and New Developments,"[u'Orio, Nicola', u'Lemouton, Serge', u'Schwarz, Diemo']"
Nobuji,None,"Designing, Playing, and Performing with a Vision-based Mouth Interface","[u'Lyons, Michael J.', u'Haehnel, Michael', u'Tetsutani, Nobuji']"
Öyvind,male,A Modulation Matrix for Complex Parameter Sets,"[u'Brandtsegg, \\""{O}yvind', u'Saue, Sigurd', u'Johansen, Thom']"
Öyvind,male,Development and Evaluation of a ZigFlea-based Wireless Transceiver Board for CUI32,"[u'Jim Torresen', u'Hauback, O\\""yvind N.', u'Dan Overholt', u'Jensenius, Alexander Refsum']"
Paris,female,Gluisax : Bent Leather Band{\textquoteright}s Augmented Saxophone Project,"[u'Favilla, Stuart', u'Cannon, Joanne', u'Hicks, Tony', u'Chant, Dale', u'Favilla, Paris']"
Paris,male,The UBS Virtual Maestro : an Interactive Conducting System,"[u'Nakra, Teresa M.', u'Ivanov, Yuri', u'Smaragdis, Paris', u'Ault, Chris']"
Phoenix,female,Wekinating 000000{S}wan : Using Machine Learning to Create and Control Complex Artistic Systems,"[u'Schedel, Margaret', u'Perry, Phoenix', u'Fiebrink, Rebecca']"
Pourang,male,"Let Loose with WallBalls, a Collaborative Tabletop Instrument for Tomorrow","[u'Partridge, Grant', u'Irani, Pourang', u'Fitzell, Gordon']"
Qi,male,Augmented Piano Performance using a Depth Camera,"[u'Qi Yang', u'Georg Essl']"
Qi,male,Representation-Plurality in Multi-Touch Mobile Visual Programming for Music,"[u'Qi Yang', u'Georg Essl']"
Qi,male,Visual Associations in Augmented Keyboard Performance,"[u'Qi Yang', u'Georg Essl']"
Qian,male,Cloud Bridge: a Data-driven Immersive Audio-Visual Software Interface,"[u'Qian Liu', u'Yoon Chung Han', u'JoAnn Kuchera-Morin', u'Matthew Wright']"
Raakhi,female,Kontrol: Hand Gesture Recognition for Music and Dance Interaction,"[u'Kameron Christopher', u'Jingyin He', u'Raakhi Kapur', u'Ajay Kapur']"
Raakhi,female,New Interfaces for Traditional Korean Music and Dance,"[u'Ajay Kapur', u'Dae Hong Kim', u'Raakhi Kapur', u'Kisoon Eom']"
Red,male,"A New Keyboard-Based, Sensor-Augmented Instrument For Live Performance",[u'Red Wierenga']
Red,male,Remix_Dance 3: Improvisatory Sound Displacing on Touch Screen-Based Interface,"[u'Jaeseong You', u'Red Wierenga']"
Rémy,male,MnM: a Max/MSP mapping toolbox,"[u""Bevilacqua, Fr\\'{e}d\\'{e}ric"", u'M\\""{u}ller, R\\\'{e}my', u'Schnell, Norbert']"
Rhushabh,male,Music-based respiratory biofeedback in visually-demanding tasks,"[u'Rhushabh Bhandari', u'Avinash Parnandi', u'Eva Shipp', u'Beena Ahmed', u'Ricardo Gutierrez-Osuna']"
Rimas,None,A Force Sensitive Multi-Touch Array Supporting Multiple {2-D} Musical Control Structures,"[u'Wessel, David', u'Avizienis, Rimas', u'Freed, Adrian', u'Wright, Matthew']"
Rimas,None,Beyond 0-5{V}: Expanding Sensor Integration Architectures,"[u'Freed, Adrian', u'Avizienis, Rimas', u'Wright, Matthew']"
Robin,male,Database and Mapping Design for Audiovisual Prepared Radio Set Installation,"[u'Price, Robin', u'Rebelo, Pedro']"
Robin,male,Hex Player --- A Virtual Musical Controller,"[u'Milne, Andrew J.', u""Xamb\\'{o}, Anna"", u'Laney, Robin', u'Sharp, David B.', u'Prechtl, Anthony', u'Holland, Simon']"
Robin,male,"Hey Man, You're Invading my Personal Space ! Privacy and Awareness in Collaborative Music","[u'Fencott, Robin', u'Bryan-Kinns, Nick']"
Robin,male,"Interactional Sound and Music : Listening to CSCW, Sonification, and Sound Art","[u'Bryan-Kinns, Nick', u'Fencott, Robin', u'Metatla, Oussama', u'Nabavian, Shahin', u'Sheridan, Jennifer G.']"
Robin,male,SoundXY4: Supporting Tabletop Collaboration and Awareness with Ambisonics Spatialisation,"[u""Anna Xamb\\'o"", u'Gerard Roma', u'Robin Laney', u'Chris Dobbyn', u'Sergi Jord\\`a']"
Robin,male,The Hayward Tuning Vine: an interface for Just Intonation,[u'Robin Hayward']
Rumi,female,Rencon 2004: Turing Test for Musical Expression,"[u'Hiraga, Rumi', u'Bresin, Roberto', u'Hirata, Keiji', u'Katayose, Haruhiro']"
Ryoho,male,Bd : A Sound Installation with Swarming Robots,"[u'Uozumi, Yuta', u'Takahashi, Masato', u'Kobayashi, Ryoho']"
Saebyul,None,Sound Surfing Network (SSN): Mobile Phone-based Sound Spatialization with Audience Collaboration,"[u'Saebyul Park', u'Seonghoon Ban', u'Dae Ryong Hong', u'Woon Seung Yeo']"
Sageev,male,Learning Advanced Skills on New Instruments,"[u'Oore, Sageev']"
Sair,male,Motor Imagery: What Does It Offer for New Digital Musical Instruments?,[u'Sair Sinan Kestelli']
Sam,male,``Old'' is the New ``New'': a Fingerboard Case Study in Recrudescence as a NIME Development Strategy,"[u'Adrian Freed', u'John MacCallum', u'Sam Mansfield']"
Sam,male,A corpus-based method for controlling guitar feedback,"[u'Sam Ferguson', u'Aengus Martin', u'Andrew Johnston']"
Sam,male,An Interface for Live Interactive Sonification,"[u'Ferguson, Sam', u'Beilharz, Kirsty']"
Sam,male,Hyper-shaku (Border-crossing): Towards the Multi-modal Gesture-controlled Hyper-Instrument,"[u'Beilharz, Kirsty', u'Jakovich, Joanne', u'Ferguson, Sam']"
Sam,male,Learning Musical Instrument Skills Through Interactive Sonification,"[u'Ferguson, Sam']"
Sam,male,Mechanisms for Controlling Complex Sound Sources : Applications to Guitar Feedback Control,"[u'Martin, Aengus', u'Ferguson, Sam', u'Beilharz, Kirsty']"
Sam,male,Mira: Liveness in iPad Controllers for Max/MSP,"[u'Sam Tarakajian', u'David Zicarelli', u'Joshua Clayton']"
Sam,male,Movement in a Contemporary Dance Work and its Relation to Continuous Emotional Response,"[u'Ferguson, Sam', u'Schubert, Emery', u'Stevens, Catherine']"
Sang-Won,male,Indoor localization during installations using WiFi,"[u'Antonio Deusany de Carvalho Junior', u'Sang-Won Lee']"
Sang-Won,male,Web-Based Temporal Typography for Musical Expression and Performance,"[u'Sang-Won Lee', u'Georg Essl']"
Sangbong,male,Musical Poi (mPoi),[u'Sangbong Nam']
Sebastián,male,Listening to Your Brain : Implicit Interaction in Collaborative Music Performances,"[u""Mealla, Sebasti\\'{a}n"", u'V\\""{a}aljam\\""{a}ae, Aleksander', u'Bosi, Mathieu', u'Jord\\`{a}, Sergi']"
Sébastien,male,Coral - a Physical and Haptic Extension of a Swarm Simulation,"[u'Daniel Bisig', u""Se\\'bastien Schiesser""]"
Sébastien,male,Multi-point vibrotactile feedback for an expressive musical interface,"[u'Stefano Papetti', u""Se\\'bastien Schiesser"", u'Martin Fr\\""ohlich']"
Sébastien,male,SABRe: The Augmented Bass Clarinet,"[u""Se\\'bastien Schiesser"", u'Jan C. Schacher']"
Śebastien,male,Fields: An Exploration into the use of Mobile Devices as a Medium for Sound Diffusion,"[u'Tim Shaw', u""S\\'ebastien Piquemal"", u'John Bowers']"
Seiichiro,male,B.O.M.B. -Beat Of Magic Box -: Stand-Alone Synthesizer Using Wireless Synchronization System For Musical Session and Performance,"[u'Yoshihito Nakanishi', u'Seiichiro Matsumura', u'Chuichi Arakawa']"
Seiichiro,male,Hop Step Junk: Sonic Visualization using Footsteps,"[u'Matsumura, Seiichiro', u'Arakawa, Chuichi']"
Seiichiro,male,POWDER BOX: An Interactive Device with Sensor Based Replaceable Interface For Musical Session,"[u'Yoshihito Nakanishi', u'Seiichiro Matsumura', u'Chuichi Arakawa']"
Seiichiro,male,Sound Rose: Creating Music and Images with a Touch Table,"[u'Crevoisier, Alain', u""Bornand, C\\'{e}dric"", u'Guichard, Arnaud', u'Matsumura, Seiichiro', u'Arakawa, Chuichi']"
Sejun,male,A Musical Performance Evaluation System for Beginner Musician based on Real-time Score Following,"[u'Yoonchang Han', u'Sejun Kwon', u'Kibeom Lee', u'Kyogu Lee']"
Sertan,male,"Beatscape , a Mixed Virtual-Physical Environment for Musical Ensembles","[u'Albin, Aaron', u'Sent\\""{u}rk, Sertan', u'{Van Troyer}, Akito', u'Blosser, Brian', u'Jan, Oliver', u'Weinberg, Gil']"
Sertan,male,"Crossole: A Gestural Interface for Composition, Improvisation and Performance using Kinect","[u'Sertan {\\c S}ent{\\""u}rk', u'Sang Won Lee', u'Avinash Sastry', u'Anosh Daruwalla', u'Gil Weinberg']"
Sha,male,A Material Computation Perspective on Audio Mosaicing and Gestural Conditioning,"[u'Navid Navab', u'Doug Van Nort', u'Sha Xin Wei']"
Shahin,male,"Interactional Sound and Music : Listening to CSCW, Sonification, and Sound Art","[u'Bryan-Kinns, Nick', u'Fencott, Robin', u'Metatla, Oussama', u'Nabavian, Shahin', u'Sheridan, Jennifer G.']"
Shaltiel,male,A Max/MSP Approach for Incorporating Digital Music via Laptops in Live Performances of Music Bands,"[u'Yehiel Amo', u'Gil Zissu', u'Shaltiel Eloul', u'Eran Shlomi', u'Dima Schukin', u'Almog Kalifa']"
Shoken,male,A Function-Oriented Interface for Music Education and Musical Expressions: ``the Sound Wheel'',[u'Shoken Kaneko']
Shosei,None,GAINER: A Reconfigurable {I/O} Module and Software Libraries for Education,"[u'Kobayashi, Shigeru', u'Endo, Takanori', u'Harada, Katsuhiko', u'Oishi, Shosei']"
Si,male,Reimagining the Computer Keyboard as a Musical Interface,[u'Si Waite']
Sidney,male,A Digital Mobile Choir: Joining Two Interfaces towards Composing and Performing Collaborative Mobile Music,"[u""Nicolas d'Alessandro"", u'Aura Pon', u'Johnty Wang', u'David Eagle', u'Ehud Sharlin', u'Sidney Fels']"
Sidney,male,Contexts of Collaborative Musical Experiences,"[u'Blaine, Tina', u'Fels, Sidney S.']"
Sidney,male,Echology,"[u'Deutscher, Meghan', u'Fels, Sidney S.', u'Hoskinson, Reynald', u'Takahashi, Sachiyo']"
Sidney,male,Evolving Tooka: from Experiment to Instrument,"[u'Fels, Sidney S.', u'Kaastra, Linda', u'Takahashi, Sachiyo', u'Mccaig, Graeme']"
Sidney,male,ForTouch : A Wearable Digital Ventriloquized Actor,"[u'Fels, Sidney S.', u'Pritchard, Bob', u'Lenters, Allison']"
Sidney,male,"GRASSP: Gesturally-Realized Audio, Speech and Song Performance","[u'Pritchard, Bob', u'Fels, Sidney S.']"
Sidney,male,Investigation of Gesture Controlled Articulatory Vocal Synthesizer using a Bio-Mechanical Mapping Layer,"[u'Johnty Wang', u""Nicolas d'Alessandro"", u'Sidney Fels', u'Robert Pritchard']"
Sidney,male,MetaMuse: Metaphors for Expressive Instruments,"[u'Gadd, Ashley', u'Fels, Sidney S.']"
Sidney,male,PENny: An Extremely Low-Cost Pressure-Sensitive Stylus for Existing Capacitive Touchscreens,"[u'Johnty Wang', u""Nicolas d'Alessandro"", u'Aura Pon', u'Sidney Fels']"
Sidney,male,Playing on Heart-Strings: Experiences with the 2{H}earts System,"[u'Mccaig, Graeme', u'Fels, Sidney S.']"
Sidney,male,Real-time Adaptive Control of Modal Synthesis,"[u'Hoskinson, Reynald', u'van den Doel, Kees', u'Fels, Sidney S.']"
Sidney,male,SQUEEZY : Extending a Multi-touch Screen with Force Sensing Objects for Controlling Articulatory Synthesis,"[u'Wang, Johnty', u""d'Alessandro, Nicolas"", u'Fels, Sidney S.', u'Pritchard, Bob']"
Sidney,male,Tongue `n' Groove: An Ultrasound based Music Controller,"[u'Vogt, Florian', u'Mccaig, Graeme', u'Ali, Mir A.', u'Fels, Sidney S.']"
Sidney,male,Tooka: Explorations of Two Person Instruments,"[u'Fels, Sidney S.', u'Vogt, Florian']"
Sihwa,male,Online Map Interface for Creative and Interactive,"[u'Park, Sihwa', u'Kim, Seunghun', u'Lee, Samuel', u'Yeo, Woon Seung']"
Sim,male,Palm-area sensitivity to vibrotactile stimuli above 1~{kHz},"[u'Lonce Wyse', u'Suranga Nanayakkara', u'Paul Seekings', u'Sim Heng Ong', u'Elizabeth Taylor']"
Simone,None,Developing Multimodal Interactive Systems with EyesWeb XMI,"[u'Camurri, Antonio', u'Coletta, Paolo', u'Varni, Giovanna', u'Ghisio, Simone']"
Smilen,male,A Simple Practical Approach to a Wireless Data Acquisition Board,"[u'Dimitrov, Smilen', u'Serafin, Stefania']"
Smilen,male,An Early Prototype of the Augmented PsychoPhone,"[u'B\\""{o}ttcher, Niels', u'Dimitrov, Smilen']"
Smilen,male,Audio Arduino -- an ALSA (Advanced Linux Sound Architecture) Audio Driver for FTDI-based Arduinos,"[u'Dimitrov, Smilen', u'Serafin, Stefania']"
Smilen,male,"Developing Block-Movement, Physical-Model Based Objects for the Reactable","[u'Dimitrov, Smilen', u'Alonso, Marcos', u'Serafin, Stefania']"
Smilen,male,Extending the Soundcard for Use with Generic {DC} Sensors Demonstrated by Revisiting a Vintage ISA Design,"[u'Dimitrov, Smilen']"
Sojiro,None,Development of A Learning Environment for Playing Erhu by Diagnosis and Advice regarding Finger Position on Strings,"[u'Fumitaka Kikukawa', u'Sojiro Ishihara', u'Masato Soga', u'Hirokazu Taki']"
Souhwan,None,{SW}AF: Towards a Web Application Framework for Composition and Documentation of Soundscape,"[u'Choe, Souhwan', u'Lee, Kyogu']"
Stå,male,OSC Implementation and Evaluation of the Xsens {MV}N Suit,"[u'Skogstad, St\\aa le A.', u'de Quay, Yago', u'Jensenius, Alexander R.']"
Stå,male,SoundSaber -- A Motion Capture Instrument,"[u'Nymoen, Kristian', u'Skogstad, St\\aa le A.', u'Jensenius, Alexander R.']"
Staas,male,A Tactile Closed-Loop Device for Musical Interaction,"[u'de Jong, Staas']"
Staas,male,Developing the Cyclotactor,"[u'de Jong, Staas']"
Staas,male,Making Grains Tangible: Microtouch for Microsound,"[u'de Jong, Staas']"
Staas,male,The Cyclotactor : Towards a Tactile Platform for Musical Interaction,"[u'de Jong, Staas']"
Stanza,None,Sensity,"[u', Stanza']"
StanzaGroup,None,Amorphoscapes \& Soundtoys,"[u', StanzaGroup']"
Stéphane,male,A Morphological Analysis of Audio-Objects and their Control Methods for {3D} Audio,"[u'Justin Mathew', u""Ste\\'phane Huot"", u'Alan Blum']"
Stéphane,male,"DeviceCycle : Rapid and Reusable Prototyping of Gestural Interfaces, Applied to Audio Browsing by Similarity","[u'Frisson, Christian', u'Macq, Beno\\^{\\i}t', u""Dupont, Ste\\'phane"", u'Siebert, Xavier', u'Tardieu, Damien', u'Dutoit, Thierry']"
Stéphane,male,Left and right-hand guitar playing techniques detection,"[u'Lo\\""{\\i}c Reboursie\\\'re', u'Otso L{\\""a}hdeoja', u'Thomas Drugman', u""Ste\\'phane Dupont"", u""Ce\\'cile Picard-Limpens"", u'Nicolas Riche']"
Stéphane,male,LoopJam: turning the dance floor into a collaborative instrumental map,"[u'Christian Frisson', u""Ste\\'phane Dupont"", u'Julien Leroy', u'Alexis Moinet', u'Thierry Ravet', u'Xavier Siebert', u'Thierry Dutoit']"
Stéphane,male,What does 'Evaluation' mean for the NIME community?,"[u'Jeronimo Barbosa', u'Joseph Malloch', u'Marcelo Wanderley', u""Ste\\'phane Huot""]"
Sukandar,male,The Gluion Advantages of an {FPGA}-based Sensor Interface,"[u'Kartadinata, Sukandar']"
Sukandar,male,The Gluiph: a Nucleus for Integrated Instruments,"[u'Kartadinata, Sukandar']"
Sungkuk,male,Freepad : A Custom Paper-based MIDI Interface,"[u'Chun, Sungkuk', u'Hawryshkewich, Andrew', u'Jung, Keechul', u'Pasquier, Philippe']"
Tae,male,Fortissimo: Force-Feedback for Mobile Devices,"[u'Tae Hong Park', u'Oriol Nieto']"
Tae,male,Polyhymnia : An Automatic Piano Performance System with Statistical Modeling of Polyphonic Expression and Musical Symbol Interpretation,"[u'Kim, Tae Hun', u'Fukayama, Satoru', u'Nishimoto, Takuya', u'Sagayama, Shigeki']"
Taehun,male,Modelling Gestures in Music Performance with Statistical Latent-State Models,"[u'Taehun Kim', u'Stefan Weinzierl']"
Takaharu,None,PocoPoco: A Kinetic Musical Interface With Electro-Magnetic Levitation Units,"[u'Yuya Kikukawa', u'Takaharu Kanai', u'Tatsuhiko Suzuki', u'Toshiki Yoshiike', u'Tetsuaki Baba', u'Kumiko Kushiyama']"
Takao,None,A System for Improvisational Musical Expression Based on Player {\textquoteright} s Sense of Tempo,"[u'Hashida, Tomoko', u'Naemura, Takeshi', u'Sato, Takao']"
Taketoshi, male,Freqtric Drums : A Musical Instrument that Uses Skin Contact as an Interface,"[u'Baba, Tetsuaki', u'Ushiama, Taketoshi', u'Tomimatsu, Kiyoshi']"
Takuro, male,"Realtime Sampling System for the Turntablist, Version 2: 16padjoystickcontroller","[u'Lippit, Takuro M.']"
Takuro, male,Turntable Music in the Digital Era: Designing Alternative Tools for New Turntable Expression,"[u'Lippit, Takuro M.']"
Tan,male,A Left Hand Gesture Caption System for Guitar Based on Capacitive Sensors,"[u'Guaus, Enric', u'Ozaslan, Tan', u'Palacios, Eric', u'Arcos, Josep L.']"
Tejaswinee,female,TrAP: An Interactive System to Generate Valid Raga Phrases from Sound-Tracings,"[u'Udit Roy', u'Tejaswinee Kelkar', u'Bipin Indurkhya']"
Teng-Wen,male,An Interactive Responsive Skin for Music,"[u'Tsai, Chih-Chieh', u'Liu, Cha-Lin', u'Chang, Teng-Wen']"
Tetsuaki,male,Freqtric Drums : A Musical Instrument that Uses Skin Contact as an Interface,"[u'Baba, Tetsuaki', u'Ushiama, Taketoshi', u'Tomimatsu, Kiyoshi']"
Tetsuaki,male,PocoPoco: A Kinetic Musical Interface With Electro-Magnetic Levitation Units,"[u'Yuya Kikukawa', u'Takaharu Kanai', u'Tatsuhiko Suzuki', u'Toshiki Yoshiike', u'Tetsuaki Baba', u'Kumiko Kushiyama']"
Theophanis,male,InkSplorer : Exploring Musical Ideas on Paper and Computer,"[u""Garcia, J\\'{e}r\\'{e}mie"", u'Tsandilas, Theophanis', u'Agon, Carlos', u'Mackay, Wendy E.']"
Tjebbe,None,A Look at the Design and Creation of a Graphically Controlled Digital Musical Instrument,"[u""G\\'{o}mez, Daniel"", u'Donner, Tjebbe', u""Posada, Andr\\'{e}s""]"
Trimpin,male,"Integrating HyperInstruments , Musical Robots \& Machine Musicianship for North {India}n Classical Music","[u'Kapur, Ajay', u'Singer, Eric', u'Benning, Manjinder S.', u'Tzanetakis, George', u'Trimpin, Trimpin']"
Trimpin,male,The KarmetiK NotomotoN : A New Breed of Musical Robot for Teaching and Performance,"[u'Kapur, Ajay', u'Darling, Michael', u'Murphy, Jim', u'Hochenbaum, Jordan', u'Diakopoulos, Dimitri', u'Trimpin, Trimpin']"
Trishul,male,"The Creation of a Multi-Human, Multi-Robot Interactive Jam Session","[u'Weinberg, Gil', u'Blosser, Brian', u'Mallikarjuna, Trishul', u'Raman, Aparna']"
Tzu-Heng,None,Sound Low Fun,"[u'Tseng, Yu-Chung', u'Liu, Che-Wei', u'Chi, Tzu-Heng', u'Wang, Hui-Yu']"
Vassilios-Fivos,male,Towards an Affective Gesture Interface for Expressive Music Performance,"[u'Maniatakos, Vassilios-Fivos A.', u'Jacquemin, Christian']"
Verônica,female,Considering Audience's View Towards an Evaluation Methodology for Digital Musical Instruments,"[u'Jero\\^nimo Barbosa', u'Filipe Calegario', u'Vero\\^nica Teichrieb', u'Geber Ramalho', u'Patrick McGlynn']"
Wai,None,"Mobile DJ: a Tangible, Mobile Platform for Active and Collaborative Music Listening","[u'Kenneth W.K. Lo', u'Chi Kin Lau', u'Michael Xuelin Huang', u'Wai Wa Tang', u'Grace Ngai', u'Stephen C.F. Chan']"
Weiwei,female,The Space Between Us. A Live Performance with Musical Score Generated via Emotional Levels Measured in {EEG} of One Performer and an Audience Member,"[u'Joel Eaton', u'Weiwei Jin', u'Eduardo Miranda']"
Wen-Yang,None,"""Extension du Corps Sonore"" - Dancing Viola","[u'Todoroff, Todor', u""Bettens, Fr\\'{e}d\\'{e}ric"", u'Reboursi\\`{e}re, Lo\\""{\\i}c', u'Chu, Wen-Yang']"
Xiao,female,Andante: Walking Figures on the Piano Keyboard to Visualize Musical Motion,"[u'Xiao Xiao', u'Basheer Tome', u'Hiroshi Ishii']"
Xiao,female,Conjuring the Recorded Pianist: A New Medium to Experience Musical Performance,"[u'Xiao Xiao', u'Anna Pereira', u'Hiroshi Ishii']"
Xiaoyang,male,Irregular Incurve,"[u'Feng, Xiaoyang']"
Xiaoyu,None,Recontextualizing the Multi-touch Surface,"[u'Patrick McGlynn', u'Victor Lazzarini', u'Gordon Delap', u'Xiaoyu Chen']"
Xin,female,Air Violin: A Body-centric Style Musical Instrument,"[u'Xin Fan', u'Georg Essl']"
Yan-Ling,female,massMobile -an Audience Participation Framework,"[u'Nathan Weitzner', u'Jason Freeman', u'Stephen Garrett', u'Yan-Ling Chen']"
Yanchao,None,Sketch-Based Musical Composition and Performance,"[u'Haojing Diao', u'Yanchao Zhou', u'Christopher Andrew Harte', u'Nick Bryan-Kinns']"
Yang,male,Smartphone-based Music Conducting,"[u'Yang Kyu Lim', u'Woon Seung Yeo']"
Ye,None,A Robot Musician Interacting with a Human Partner through Initiative Exchange,"[u'Pan, Ye', u'Kim, Min-Gyu', u'Suzuki, Kenji']"
Yehiel,None,A Max/MSP Approach for Incorporating Digital Music via Laptops in Live Performances of Music Bands,"[u'Yehiel Amo', u'Gil Zissu', u'Shaltiel Eloul', u'Eran Shlomi', u'Dima Schukin', u'Almog Kalifa']"
Yemin,male,"NEXUS: Collaborative Performance for the Masses, Handling Instrument Interface Distribution through the Web","[u'Jesse Allison', u'Yemin Oh', u'Benjamin Taylor']"
Yemin,male,"Simplified Expressive Mobile Development with NexusUI, NexusUp, and NexusDrop","[u'Benjamin Taylor', u'Jesse Allison', u'William Conlin', u'Yemin Oh', u'Daniel Holmes']"
Yi,None,SoloTouch: A Capacitive Touch Controller with Lick-based Note Selector,"[u'Jackie', u'Yi Tang Chui', u'Mubarak Marafa', u'Samson', u'Ka Fai Young']"
Yi,female,Wireless Interactive Sensor Platform for Real-Time Audio-Visual Experience,"[u'Jia-Liang Lu', u'Da-Lei Fang', u'Yi Qin', u'Jiu-Qiang Tang']"
Yongki,male,Voicon: An Interactive Gestural Microphone For Vocal Performance,"[u'Yongki Park', u'Hoon Heo', u'Kyogu Lee']"
Yoo-Hsiu,female,Tibetan Singing Prayer Wheel: A Hybrid Musical- Spiritual Instrument Using Gestural Control,"[u'Cecilia Wu', u'Yoo-Hsiu Yeh', u'Romain Michon', u'Nathan Weitzner', u'Jonathan Abel', u'Matthew Wright']"
Yoon,female,Cloud Bridge: a Data-driven Immersive Audio-Visual Software Interface,"[u'Qian Liu', u'Yoon Chung Han', u'JoAnn Kuchera-Morin', u'Matthew Wright']"
Yoon,female,Digiti Sonus: Advanced Interactive Fingerprint Sonification Using Visual Feature Analysis,"[u'Yoon Chung Han', u'Byeong-jun Han', u'Matthew Wright']"
Yoon,female,Virtual Pottery: An Interactive Audio-Visual Installation,"[u'Yoon Chung Han', u'Byeong-jun Han']"
Yoonchang,male,A Musical Performance Evaluation System for Beginner Musician based on Real-time Score Following,"[u'Yoonchang Han', u'Sejun Kwon', u'Kibeom Lee', u'Kyogu Lee']"
Yoonchang,male,FutureGrab: A wearable subtractive synthesizer using hand gesture,"[u'Yoonchang Han', u'Jinsoo Na', u'Kyogu Lee']"
Yoshinari,male,Construction of a System for Recognizing Touch of Strings for Guitar,"[u'Hayami Tobise', u'Yoshinari Takegawa', u'Tsutomu Terada', u'Masahiko Tsukamoto']"
Yoshinari,male,Mobile Clavier : New Music Keyboard for Flexible Key Transpose,"[u'Takegawa, Yoshinari', u'Terada, Tsutomu']"
Yoshinari,male,UnitInstrument : Easy Configurable Musical Instruments,"[u'Maruyama, Yutaro', u'Takegawa, Yoshinari', u'Terada, Tsutomu', u'Tsukamoto, Masahiko']"
Yoshinari,male,UnitKeyboard : An Easily Configurable Compact Clavier,"[u'Takegawa, Yoshinari', u'Tsukamoto, Masahiko']"
Youngmoo,male,A Component-Based Approach for Modeling Plucked-Guitar Excitation Signals,"[u'Raymond Migneco', u'Youngmoo Kim']"
Youngmoo,male,Augmenting the Acoustic Piano with Electromagnetic String Actuation and Continuous Key Position Sensing,"[u'McPherson, Andrew', u'Kim, Youngmoo']"
Youngmoo,male,Descriptors for Perception of Quality in Jazz Piano Improvisation,"[u'Jeff Gregorio', u'David Rosen', u'Michael Caro', u'Youngmoo E. Kim']"
Youngmoo,male,Personalized Song Interaction Using a Multi Touch Interface,"[u'Jeffrey Scott', u'Mickey Moorhead', u'Justin Chapman', u'Ryan Schwabe', u'Youngmoo E. Kim']"
Youngmoo,male,Using Audio and Haptic Feedback to Improve Pitched Percussive Instrument Performance in Humanoids,"[u'Alyssa Batula', u'Manu Colacot', u'David Grunberg', u'Youngmoo Kim']"
Youngsun,None,Empathetic Interactive Music Video Experience,"[u'Myunghee Lee', u'Youngsun Kim', u'Gerard Kim']"
Yu,None,TENORI-ON,"[u'Nishibori, Yu', u'Iwai, Toshio']"
Yu-Chung,male,Sound Low Fun,"[u'Tseng, Yu-Chung', u'Liu, Che-Wei', u'Chi, Tzu-Heng', u'Wang, Hui-Yu']"
Yu-heng,male,WIJAM: A Mobile Collaborative Improvisation Platform under Master-players Paradigm,"[u'Jun-qi Deng', u'Francis Chi Moon Lau', u'Ho-Cheung Ng', u'Yu-Kwong Kwok', u'Hung-Kwan Chen', u'Yu-heng Liu']"
Yu-Kwong,None,WIJAM: A Mobile Collaborative Improvisation Platform under Master-players Paradigm,"[u'Jun-qi Deng', u'Francis Chi Moon Lau', u'Ho-Cheung Ng', u'Yu-Kwong Kwok', u'Hung-Kwan Chen', u'Yu-heng Liu']"
Yuan-Yi,male,BioRhythm : a Biologically-inspired Audio-Visual Installation,"[u'Mcgee, Ryan', u'Fan, Yuan-Yi', u'Ali, Reza']"
Yuan-Yi,male,BioSync: An Informed Participatory Interface for Audience Dynamics and Audiovisual Content Co-creation using Mobile PPG and {EEG},"[u'Yuan-Yi Fan', u'Myles Sciotto']"
Yuri,male,The UBS Virtual Maestro : an Interactive Conducting System,"[u'Nakra, Teresa M.', u'Ivanov, Yuri', u'Smaragdis, Paris', u'Ault, Chris']"
Zeyu,male,AudioQuilt: {2D} Arrangements of Audio Samples using Metric Learning and Kernelized Sorting,"[u'Ohad Fried', u'Zeyu Jin', u'Reid Oda', u'Adam Finkelstein']"
Zeyu,male,MalLo: A Distributed Synchronized Musical Instrument Designed For Internet Performance,"[u'Zeyu Jin', u'Reid Oda', u'Adam Finkelstein', u'Rebecca Fiebrink']"
Hironori,male,Haptic Music Player---Synthetic audio-tactile stimuli generation based on the notes' pitch and instruments' envelope mapping,"[u'Alfonso Balandra', u'Hironori Mitake', u'Shoichi Hasegawa']"
Barah,female,"Transdisciplinary Methodology: from Theory to the Stage, Creation for the {SIC}MAP","[u""Barah H\\'{e}on-Morissette""]"
Chryssie,female,Notation for {3D} Motion Tracking Controllers: A Gametrak Case Study,"[u'Madeline Huberth', u'Chryssie Nanou']"
Tae-Hong,male,The HandSolo: A Hand Drum Controller for Natural Rhythm Entry and Production,"[u'Kunal Jathal', u'Tae-Hong Park']"
Άngel,male,Drumming with style: From user needs to a working prototype,"[u'Sergi Jord\\`{a}', u""Daniel G\\'{o}mez-Mar\\'{i}n"", u""\\'{A}ngel Faraldo"", u'Perfecto Herrera']"
Tetsuaki,male,NAKANISYNTH: An Intuitive Freehand Drawing Waveform Synthesiser Application for iOS Devices,"[u'Kyosuke Nakanishi', u'Paul Haimes', u'Tetsuaki Baba', u'Kumiko Kushiyama']"
Càrthach,male,An Interactive Software Instrument for Real-time Rhythmic Concatenative Synthesis,"[u""C\\`{a}rthach \\'{O} Nuan\\`{a}in"", u'Sergi Jord\\`{a}', u'Perfecto Herrera']"
Gorkem,male,PORTAL: An Audiovisual Laser Performance System,"[u'Gorkem Ozdemir', u'Anil Camci', u'Angus Forbes']"
Leshao,male,A Web Application for Audience Participation in Live Music Performance: The Open Symphony Use Case,"[u'Leshao Zhang', u'Yongmeng Wu', u'Mathieu Barthet']"
Yongmeng,female,A Web Application for Audience Participation in Live Music Performance: The Open Symphony Use Case,"[u'Leshao Zhang', u'Yongmeng Wu', u'Mathieu Barthet']"
Jan,None,Design and evaluation of a gesture driven wave field synthesis auditory game,"[u'Jan Banas', u'Razvan Paisa', u'Iakovos Vogiatzoglou', u'Francesco Grani', u'Stefania Serafin']"
Sam,female,One Knob To Rule Them All: Reductionist Interfaces for Expansionist Research,"[u'John Bowers', u'John Richards', u'Tim Shaw', u'Jim Frieze', u'Ben Freeth', u'Sam Topley', u'Neal Spowage', u'Steve Jones', u'Amit Patel', u'Li Rui']"
Li,None,One Knob To Rule Them All: Reductionist Interfaces for Expansionist Research,"[u'John Bowers', u'John Richards', u'Tim Shaw', u'Jim Frieze', u'Ben Freeth', u'Sam Topley', u'Neal Spowage', u'Steve Jones', u'Amit Patel', u'Li Rui']"
Sam,male,A Musical Game of Bowls Using the DIADs,"[u'Oliver Bown', u'Sam Ferguson']"
Akito,male,Dooremi: a Doorway to Music,"[u'Rebecca Kleinberger', u'Akito van Troyer']"
Ge,male,The Laptop Accordion,"[u'Aidan Meacham', u'Sanjay Kannan', u'Ge Wang']"
Si,male,Church Belles: An Interactive System and Composition Using Real-World Metaphors,[u'Si Waite']
Ge,male,Game Design for Expressive Mobile Music,[u'Ge Wang']
Xiao,female,Kin\'{e}phone: Exploring the Musical Potential of an Actuated Pin-Based Shape Display,"[u'Xiao Xiao', u'Donald Derek Haddad', u'Thomas Sanchez', u'Akito van Troyer', u""R\\'{e}becca Kleinberger"", u'Penny Webb', u'Joe Paradiso', u'Tod Machover', u'Hiroshi Ishii']"
Akito,male,Kin\'{e}phone: Exploring the Musical Potential of an Actuated Pin-Based Shape Display,"[u'Xiao Xiao', u'Donald Derek Haddad', u'Thomas Sanchez', u'Akito van Troyer', u""R\\'{e}becca Kleinberger"", u'Penny Webb', u'Joe Paradiso', u'Tod Machover', u'Hiroshi Ishii']"