AllAuthors,FirstName1stAuthor,Gender,Place,Year,NumberOfAuthors,Title,Conference,FirstName2ndAuthor,Gender2,FirstName3rdAuthor,Gender3,FirstName4thAuthor,Gender4,FirstName5thAuthor,Gender5,FirstName6thAuthor,Gender6,FirstName7thAuthor,Gender7,FirstName8thAuthor,Gender8,FirstName9thAuthor,Gender9,FirstName10thAuthor,Gender10,FirstName11thAuthor,Gender11,FirstName12thAuthor,Gender12,FirstName13thAuthor,Gender13,FirstName14thAuthor,Gender14,FirstName15thAuthor,Gender15,FirstName16thAuthor,Gender16,FirstName17thAuthor,Gender17,Probability1,Probability2,Probability3,Probability4,Probability5,Probability6,Probability7,Probability8,Probability9,Probability10,Probability11,Probability12,Probability13,Probability14,Probability15,Probability16,Probability17
"['Rolf Inge Godøy', ' Minho Song', ' Sofia Dahl']",Rolf,male,Finland,2017,3,Exploring Sound-Motion Textures in Drum Set Performance,ICMC,Minho,male,Sofia,female,,,,,,,,,,,,,,,,,,,,,,,,,,,,,0.99,0.99,0.98,,,,,,,,,,,,,,,
"['Takeshi Hori', ' Kazuyuki Nakamura', ' Shigeki Sagayama']",Takeshi,male,Finland,2017,3,Jazz Piano Trio Synthesizing System Based on HMM and DNN,ICMC,Kazuyuki,male,Shigeki,male,,,,,,,,,,,,,,,,,,,,,,,,,,,,,1.0,1.0,1.0,,,,,,,,,,,,,,,
"['Bochen Li', ' Chenliang Xu', ' Zhiyao Duan']",Bochen,male,Finland,2017,3,Audio-Visual Source Association for String Ensembles through Multi-Modal Vibrato Analysis,ICMC,Chenliang,male,Zhiyao,male,,,,,,,,,,,,,,,,,,,,,,,,,,,,,1.0,1.0,0.75,,,,,,,,,,,,,,,
"['Sebastià V. Amengual Garí', ' Malte Kob', ' Tapio Lokki']",Sebastià,None,Finland,2017,3,Investigations on Stage Acoustic Preferences of Solo Trumpet Players using Virtual Acoustics,ICMC,Malte,male,Tapio,male,,,,,,,,,,,,,,,,,,,,,,,,,,,,,0.0,0.99,1.0,,,,,,,,,,,,,,,
['Victor Lazzarini'],Victor,male,Finland,2017,1,The design of a lightweight DSP programming library,ICMC,,,,,,,,,,,,,,,,,,,,,,,,,,,,,,,,,0.99,,,,,,,,,,,,,,,,,
"['Luca Turchet', ' Carlo Fischione', ' Mathieu Barthet']",Luca,male,Finland,2017,3,Towards the internet of musical things,ICMC,Carlo,male,Mathieu,male,,,,,,,,,,,,,,,,,,,,,,,,,,,,,0.96,0.99,0.99,,,,,,,,,,,,,,,
"['Dario Sanfilippo', ' Agostino Di Scipio']",Dario,male,Finland,2017,2,Environment-Mediated Coupling of Autonomous Sound-Generating Systems in Live Performance: An Overview of the Machine Milieu Project,ICMC,Agostino,male,,,,,,,,,,,,,,,,,,,,,,,,,,,,,,,0.99,0.99,,,,,,,,,,,,,,,,
"['Oliver Hödl', ' Geraldine Fitzpatrick', ' Fares Kayali', ' Simon Holland']",Oliver,male,Finland,2017,4,Design Implications for Technology-Mediated Audience Participation in Live Music,ICMC,Geraldine,female,Fares,male,Simon,male,,,,,,,,,,,,,,,,,,,,,,,,,,,0.99,0.98,0.97,0.98,,,,,,,,,,,,,,
"['Hirofumi Takamori', ' Haruki Sato', ' Takayuki Nakatsuka', ' Shigeo Morishima']",Hirofumi,male,Finland,2017,4,Automatic Arranging Musical Score for Piano using Important Musical Elements,ICMC,Haruki,male,Takayuki,male,Shigeo,male,,,,,,,,,,,,,,,,,,,,,,,,,,,1.0,0.97,1.0,1.0,,,,,,,,,,,,,,
"['Leo McCormack', ' Vesa Välimäki']",Leo,male,Finland,2017,2,FFT-based Dynamic Range Compression,ICMC,Vesa,male,,,,,,,,,,,,,,,,,,,,,,,,,,,,,,,0.94,0.86,,,,,,,,,,,,,,,,
"['Hanns Holger Rutz', ' Robert Höldrich']",Hanns,male,Finland,2017,2,A Sonification Interface Unifying Real-Time and Offline Processing,ICMC,Robert,male,,,,,,,,,,,,,,,,,,,,,,,,,,,,,,,0.98,0.99,,,,,,,,,,,,,,,,
"['Manuel Brásio', ' Filipe Lopes', ' Gilberto Bernardes', ' Rui Penha']",Manuel,male,Finland,2017,4,QUALIA: A Software for Guided Meta-Improvisation Performance,ICMC,Filipe,male,Gilberto,male,Rui,male,,,,,,,,,,,,,,,,,,,,,,,,,,,0.99,0.99,0.99,0.98,,,,,,,,,,,,,,
"['Eduardo Micheloni', ' Marcella Mandanici', ' Antonio Rodà', ' Sergio Canazza']",Eduardo,male,Finland,2017,4,Interactive Painting Sonification Using a Sensor-Equipped Runway,ICMC,Marcella,female,Antonio,male,Sergio,male,,,,,,,,,,,,,,,,,,,,,,,,,,,0.99,0.98,0.99,0.99,,,,,,,,,,,,,,
"['Matteo Lionello', ' Marcella Mandanici', ' Sergio Canazza', ' Edoardo Micheloni']",Matteo,male,Finland,2017,4,Interactive Soundscapes: Developing a Physical Space Augmented through Dynamic Sound Rendering and Granular Synthesis,ICMC,Marcella,female,Sergio,male,Edoardo,male,,,,,,,,,,,,,,,,,,,,,,,,,,,0.99,0.98,0.99,0.99,,,,,,,,,,,,,,
"['Anne-Marie Burns', ' Sébastien Bel', ' Caroline Traube']",Anne-Marie,female,Finland,2017,3,Learning to Play the Guitar at the Age of Interactive and Collaborative Web Technologies,ICMC,Sébastien,male,Caroline,female,,,,,,,,,,,,,,,,,,,,,,,,,,,,,0.98,1.0,0.98,,,,,,,,,,,,,,,
"['Pierre Beauguitte', ' Bryan Duggan', ' John D. Kelleher']",Pierre,male,Finland,2017,3,Key Inference from Irish Traditional Music Scores and Recordings,ICMC,Bryan,male,John,male,,,,,,,,,,,,,,,,,,,,,,,,,,,,,0.99,0.99,0.99,,,,,,,,,,,,,,,
['Jeffrey M. Morris'],Jeffrey,male,Finland,2017,1,Ferin Martino’s Tour: Lessons from Adapting the Same Algorithmic Art Installation to Different Venues and Platforms,ICMC,,,,,,,,,,,,,,,,,,,,,,,,,,,,,,,,,0.99,,,,,,,,,,,,,,,,,
"['Tejaswinee Kelkar', ' Alexander Refsum Jensenius']",Tejaswinee,female,Finland,2017,2,Exploring Melody and Motion Features in “Sound-Tracings”,ICMC,Alexander,male,,,,,,,,,,,,,,,,,,,,,,,,,,,,,,,1.0,0.99,,,,,,,,,,,,,,,,
['Ryan Kirkbride'],Ryan,male,Finland,2017,1,Troop: A Collaborative Tool for Live Coding,ICMC,,,,,,,,,,,,,,,,,,,,,,,,,,,,,,,,,0.99,,,,,,,,,,,,,,,,,
"['Yusuke Wada', ' Yoshiaki Bando', ' Eita Nakamura', ' Katsutoshi Itoyama', ' Kazuyoshi Yoshii']",Yusuke,male,Finland,2017,5,An Adaptive Karaoke System that Plays Accompaniment Parts of Music Audio Signals Synchronously with Users' Singing Voices,ICMC,Yoshiaki,male,Eita,male,Katsutoshi,male,Kazuyoshi,male,,,,,,,,,,,,,,,,,,,,,,,,,1.0,0.99,0.73,1.0,1.0,,,,,,,,,,,,,
"['Jose J. Valero-Mas', ' José M. Iñesta']",Jose,male,Finland,2017,2,Experimental Assessment of Descriptive Statistics and Adaptive Methodologies for Threshold Establishment in Onset Selection Functions,ICMC,José,male,,,,,,,,,,,,,,,,,,,,,,,,,,,,,,,0.98,0.97,,,,,,,,,,,,,,,,
"['Raul Masu', ' Andrea Conci', ' Cristina Core', ' Antonella de Angeli', ' Fabio Morreale']",Raul,male,Finland,2017,5,Robinflock: a Polyphonic Algorithmic Composer for Interactive Scenarios with Children,ICMC,Andrea,male,Cristina,female,Antonella,female,Fabio,male,,,,,,,,,,,,,,,,,,,,,,,,,0.99,0.62,0.99,0.99,0.99,,,,,,,,,,,,,
['Philippe Kocher'],Philippe,male,Finland,2017,1,Technology-Assisted Performance of Polytemporal Music,ICMC,,,,,,,,,,,,,,,,,,,,,,,,,,,,,,,,,0.99,,,,,,,,,,,,,,,,,
"['Peter Lennox', ' Ian McKenzie']",Peter,male,Finland,2017,2,Investigating Spatial Music Qualia through Tissue Conduction,ICMC,Ian,male,,,,,,,,,,,,,,,,,,,,,,,,,,,,,,,0.99,0.99,,,,,,,,,,,,,,,,
"['Charles P. Martin', ' Jim Torresen']",Charles,male,Finland,2017,2,Exploring Social Mobile Music with Tiny Touch-Screen Performances,ICMC,Jim,male,,,,,,,,,,,,,,,,,,,,,,,,,,,,,,,0.99,0.98,,,,,,,,,,,,,,,,
"['Peter Ahrendt', ' Christian C. Bach', ' Sofia Dahl']",Peter,male,Finland,2017,3,Does Singing a Low-Pitch Tone Make You Look Angrier?,ICMC,Christian,male,Sofia,female,,,,,,,,,,,,,,,,,,,,,,,,,,,,,0.99,0.99,0.98,,,,,,,,,,,,,,,
"['Juan Carlos Vasquez', ' Koray Tahiroğlu', ' Niklas Pöllönen', ' Johan Kildal', ' Teemu Ahmaniemi']",Juan,male,Finland,2017,5,Monitoring and Supporting Engagement in Skilled Tasks: From Creative Musical Activity to Psychological Wellbeing,ICMC,Koray,male,Niklas,male,Johan,male,Teemu,male,,,,,,,,,,,,,,,,,,,,,,,,,0.98,0.97,1.0,0.99,1.0,,,,,,,,,,,,,
"['Alexander Refsum Jensenius', ' Agata Zelechowska', ' Victor Gonzalez Sanchez']",Alexander,male,Finland,2017,3,The Musical Influence on People's Micromotion when Standing Still in Groups,ICMC,Agata,female,Victor,male,,,,,,,,,,,,,,,,,,,,,,,,,,,,,0.99,0.98,0.99,,,,,,,,,,,,,,,
"['Zhiyan Duan', ' Chitralekha Gupta', ' Graham Percival', ' David Grunberg and Ye Wang']",Zhiyan,female,Finland,2017,4,SECCIMA: Singing and Ear Training for Children with Cochlear Implants via a Mobile Application,ICMC,Chitralekha,female,Graham,male,David,male,,,,,,,,,,,,,,,,,,,,,,,,,,,0.79,1.0,0.99,0.99,,,,,,,,,,,,,,
"['Miroslav Malik', ' Sharath Adavanne', ' Konstantinos Drossos', ' Tuomas Virtanen', ' Dasa Ticha', ' Roman Jarina']",Miroslav,male,Finland,2017,6,Stacked Convolutional and Recurrent Neural Networks for Music Emotion Recognition,ICMC,Sharath,male,Konstantinos,male,Tuomas,male,Dasa,female,Roman,male,,,,,,,,,,,,,,,,,,,,,,,0.99,0.99,0.99,0.99,0.9,0.98,,,,,,,,,,,,
"['Kristian Nymoen', ' Anne Danielsen', ' Justin London']",Kristian,male,Finland,2017,3,Validating Attach Phase Descriptors Obtained by the Timbre Toolbox and MIRtoolbox,ICMC,Anne,female,Justin,male,,,,,,,,,,,,,,,,,,,,,,,,,,,,,0.99,0.97,0.98,,,,,,,,,,,,,,,
"['Jongpil Lee', ' Jiyoung Park', ' Keunhyoung Luke Kim', ' Juhan Nam']",Jongpil,male,Finland,2017,4,Sample-Level Deep Convolutional Neural Networks for Music Auto-Tagging Using Raw Waveforms,ICMC,Jiyoung,female,Keunhyoung,male,Juhan,male,,,,,,,,,,,,,,,,,,,,,,,,,,,1.0,0.93,0.67,0.97,,,,,,,,,,,,,,
"['Marius Miron', ' Jordi Janer', ' Emilia Gómez']",Marius,male,Finland,2017,3,Generating Data to Train Convolutional Neural Networks for Classical Music Source Separation,ICMC,Jordi,male,Emilia,female,,,,,,,,,,,,,,,,,,,,,,,,,,,,,0.99,0.99,0.98,,,,,,,,,,,,,,,
"['Marian Weger', ' David Pirrò', ' Robert Höldrich']",Marian,male,Finland,2017,3,Evaluation of an Acoustic Interface for Tremor Analysis,ICMC,David,male,Robert,male,,,,,,,,,,,,,,,,,,,,,,,,,,,,,0.62,0.99,0.99,,,,,,,,,,,,,,,
"['Emma Frid', ' Roberto Bresin', ' Eva-Lotta Sallnäs Pysander', ' Jonas Moll']",Emma,female,Finland,2017,4,An Exploratory Study on the Effect of Auditory Feedback on Gaze Behavior in a Virtual Throwing Task with and without Haptic Feedback,ICMC,Roberto,male,Eva-Lotta,female,Jonas,male,,,,,,,,,,,,,,,,,,,,,,,,,,,0.93,0.99,1.0,0.99,,,,,,,,,,,,,,
['Felipe Orduña-Bustamante'],Felipe,male,Finland,2017,1,Auralization in Space and in Rooms of Arbitrary D Dimensions,ICMC,,,,,,,,,,,,,,,,,,,,,,,,,,,,,,,,,0.98,,,,,,,,,,,,,,,,,
"['Federico Fontana', ' Debora Scappin', ' Federico Avanzini', ' Mattia Bernardi', ' Devid Bianco', ' Giorgio Klauer']",Federico,male,Finland,2017,6,"Auditory, Visual and Somatosensory Localization of Piano Tones: a Preliminary Study",ICMC,Debora,female,Federico,male,Mattia,male,Devid,male,Giorgio,male,,,,,,,,,,,,,,,,,,,,,,,0.99,0.99,0.99,0.98,0.99,0.99,,,,,,,,,,,,
"['Otso Lähdeoja', ' Josué Moreno']",Otso,male,Finland,2017,2,SONIC GREENHOUSE - Considerations on a Large-Scale Audio-Architectural Installation,ICMC,Josué,male,,,,,,,,,,,,,,,,,,,,,,,,,,,,,,,0.98,1.0,,,,,,,,,,,,,,,,
['Victor Lazzarini'],Victor,male,Finland,2017,1,The CSOUND Plugin Opcode Framework,ICMC,,,,,,,,,,,,,,,,,,,,,,,,,,,,,,,,,0.99,,,,,,,,,,,,,,,,,
"['Johnty Wang', ' Joseph Malloch', ' Stéphane Huot', ' Fanny Chevalier', ' Marcelo Wanderley']",Johnty,male,Finland,2017,5,Versioning and Annotation Support for Collaborative Mapping Design,ICMC,Joseph,male,Stéphane,male,Fanny,female,Marcelo,male,,,,,,,,,,,,,,,,,,,,,,,,,1.0,0.99,0.99,0.97,0.99,,,,,,,,,,,,,
"['Yevgen Mexin', ' Aristotelis Hadjakos', ' Axel Berndt', ' Simon Waloschek', ' Anastasia Wawilow', ' Gerd Szwillus']",Yevgen,male,Finland,2017,6,Tools for Annotatiing Musical Measures in Digital Music Editions,ICMC,Aristotelis,male,Axel,male,Simon,male,Anastasia,female,Gerd,male,,,,,,,,,,,,,,,,,,,,,,,0.98,0.99,0.98,0.98,0.98,0.93,,,,,,,,,,,,
"['Liang Chen', ' Christopher Raphael']",Liang,male,Finland,2017,2,Renotation of Optical Music Recognition Data,ICMC,Christopher,male,,,,,,,,,,,,,,,,,,,,,,,,,,,,,,,0.79,0.99,,,,,,,,,,,,,,,,
['Filipe Lopes'],Filipe,male,Finland,2017,1,WALLACE: Composing Music for Variable Reverberation,ICMC,,,,,,,,,,,,,,,,,,,,,,,,,,,,,,,,,0.99,,,,,,,,,,,,,,,,,
"['Rod Selfridge', ' David Moffat', ' Joshua D. Reiss']",Rod,male,Finland,2017,3,Real-Time Physical Model for Synthesis of Sword Sounds,ICMC,David,male,Joshua,male,,,,,,,,,,,,,,,,,,,,,,,,,,,,,0.97,0.99,0.99,,,,,,,,,,,,,,,
"['Robert Albrecht', ' Jussi Jaatinen', ' Tapio Lokki']",Robert,male,Finland,2017,3,Electronic Hearing Protection for Musicians,ICMC,Jussi,male,Tapio,male,,,,,,,,,,,,,,,,,,,,,,,,,,,,,0.99,0.97,1.0,,,,,,,,,,,,,,,
"['Silvin Willemsen', ' Stefania Serafin', ' Jesper Rindom Jensen']",Silvin,male,Finland,2017,3,Virtual Analog Simulation and Extensions of Plate Reverberation,ICMC,Stefania,female,Jesper,male,,,,,,,,,,,,,,,,,,,,,,,,,,,,,0.82,0.99,0.99,,,,,,,,,,,,,,,
"['Augoustinos Tsiros', ' Grégory Leplâtre']",Augoustinos,male,Finland,2017,2,The Effectiveness of Two Audiovisual Mappings to Control a Concatenative Synthesiser,ICMC,Grégory,male,,,,,,,,,,,,,,,,,,,,,,,,,,,,,,,1.0,1.0,,,,,,,,,,,,,,,,
"['Jonas Holfelt', ' Gergely Csapo', ' Nikolaj Andersson', ' Sohejl Zabetian', ' Michael Castanieto', ' Daniel Overholt', ' Sofia Dahl', ' Cumhur Erkut']",Jonas,male,Finland,2017,8,"Extraction, Mapping, and Evaluation of Expressive Acoustic Features for Adaptive Digital Audio Effects",ICMC,Gergely,male,Nikolaj,male,Sohejl,male,Michael,male,Daniel,male,Sofia,female,Cumhur,male,,,,,,,,,,,,,,,,,,,0.99,0.96,0.99,1.0,0.99,0.99,0.98,0.97,,,,,,,,,,
"['Fabián Esqueda', ' Henri Pöntynen', ' Julian D. Parker', ' Stefan Bilbao']",Fabián,None,Finland,2017,4,Virtual Analog Model of the Lockhart Wavefolder,ICMC,Henri,male,Julian,male,Stefan,male,,,,,,,,,,,,,,,,,,,,,,,,,,,0.0,0.98,0.98,0.98,,,,,,,,,,,,,,
"['Daniel Bisig', ' Philippe Kocher']",Daniel,male,Finland,2017,2,Musical Approaches for Working with Time-Delayed Feedback Networks,ICMC,Philippe,male,,,,,,,,,,,,,,,,,,,,,,,,,,,,,,,0.99,0.99,,,,,,,,,,,,,,,,
"['Simone Pappalardo', ' Andrea Valle']",Simone,male,Finland,2017,2,Electric Grammars. Algorithmic Design and Construction of Experimental Music Circuits,ICMC,Andrea,male,,,,,,,,,,,,,,,,,,,,,,,,,,,,,,,0.75,0.62,,,,,,,,,,,,,,,,
"['Mitsuyo Hashida', ' Eita Nakamura', ' Haruhiro Katayose']",Mitsuyo,female,Finland,2017,3,Constructing PEDB 2nd Edition: A Music Performance Database with Phrase Information,ICMC,Eita,male,Haruhiro,male,,,,,,,,,,,,,,,,,,,,,,,,,,,,,0.98,0.73,1.0,,,,,,,,,,,,,,,
"['Martin Hartmann', ' Olivier Lartillot', ' Petri Toiviainen']",Martin,male,Finland,2017,3,Musical Feature and Novelty Curve Characterizations as Predictors of Segmentation Accuracy,ICMC,Olivier,male,Petri,male,,,,,,,,,,,,,,,,,,,,,,,,,,,,,0.98,0.99,0.84,,,,,,,,,,,,,,,
"['Andrew McLeod', ' Mark Steedman']",Andrew,male,Finland,2017,2,Meter Detection in Symbolic Music Using a Lexicalized PCFG,ICMC,Mark,male,,,,,,,,,,,,,,,,,,,,,,,,,,,,,,,0.99,0.99,,,,,,,,,,,,,,,,
"['Taegyun Kwon', ' Dasaem Jeong', ' Juhan Nam']",Taegyun,male,Finland,2017,3,Audio-to-Score Alignment of Piano Music Using RNN-Based Automatic Music Transcription,ICMC,Dasaem,female,Juhan,male,,,,,,,,,,,,,,,,,,,,,,,,,,,,,1.0,1.0,0.97,,,,,,,,,,,,,,,
"['Gen Hori', ' Shigeki Sagayama']",Gen,male,Finland,2017,2,Lp-Viterbi Algorithm for Automatic Fingering Decision,ICMC,Shigeki,male,,,,,,,,,,,,,,,,,,,,,,,,,,,,,,,0.7,1.0,,,,,,,,,,,,,,,,
"['Andrea Valle', ' Mauro Lanza']",Andrea,male,Finland,2017,2,Systema Naturae: Shared Practices Between Physical Computing and Algorithmic Composition,ICMC,Mauro,male,,,,,,,,,,,,,,,,,,,,,,,,,,,,,,,0.62,0.99,,,,,,,,,,,,,,,,
"['Ken Déguernel', ' Jérôme Nika', ' Emmanuel Vincent', ' Gérard Assayag']",Ken,male,Finland,2017,4,Generating Equivalent Chord Progressions to Enrich Guided Improvisation: Application to Rhythm Changes,ICMC,Jérôme,male,Emmanuel,male,Gérard,male,,,,,,,,,,,,,,,,,,,,,,,,,,,0.98,1.0,0.99,1.0,,,,,,,,,,,,,,
['Torsten Anders'],Torsten,male,Finland,2017,1,A Constraint-Based Framework to Model Harmony for Music Composition,ICMC,,,,,,,,,,,,,,,,,,,,,,,,,,,,,,,,,1.0,,,,,,,,,,,,,,,,,
"['Gleb Rogozinsky', ' Mihail Chesnokov', ' Eugene Cherny']",Gleb,male,Finland,2017,3,pch2csd: an Application for Converting Nord Modular G2 Patches into Csound Code,ICMC,Mihail,male,Eugene,male,,,,,,,,,,,,,,,,,,,,,,,,,,,,,0.99,0.99,0.95,,,,,,,,,,,,,,,
['Flavio Everardo'],Flavio,male,Finland,2017,1,Towards an Automated Multitrack Mixing Tool Using Answer Set Programming,ICMC,,,,,,,,,,,,,,,,,,,,,,,,,,,,,,,,,0.99,,,,,,,,,,,,,,,,,
"['Johnty Wang', ' Robert Pritchard', ' Bryn Nixon', ' Marcelo M. Wanderley']",Johnty,male,Finland,2017,4,Explorations with Digital Control of MIDI-enabled Pipe Organs,ICMC,Robert,male,Bryn,male,Marcelo,male,,,,,,,,,,,,,,,,,,,,,,,,,,,1.0,0.99,0.96,0.99,,,,,,,,,,,,,,
"['Léopold Crestel', ' Philippe Esling']",Léopold,None,Finland,2017,2,"Live Orchestral Piano, a System for Real-Time Orchestral Music Generation",ICMC,Philippe,male,,,,,,,,,,,,,,,,,,,,,,,,,,,,,,,0.0,0.99,,,,,,,,,,,,,,,,
"['Yuta Ojima', ' Tomoyasu Nakano', ' Satoru Fukayama', ' Jun Kato', ' Masataka Goto', ' Katsutoshi Itoyama', ' Kazuyoshi Yoshii']",Yuta,male,Finland,2017,7,A Singing Instrument for Real-Time Vocal-Part Arrangement of Music and Audio Signals,ICMC,Tomoyasu,male,Satoru,male,Jun,male,Masataka,male,Katsutoshi,male,Kazuyoshi,male,,,,,,,,,,,,,,,,,,,,,0.98,1.0,0.99,0.9,1.0,1.0,1.0,,,,,,,,,,,
"['Jennifer MacRitchie', ' Andrew J. Milne']",Jennifer,female,Finland,2017,2,Evaluation of the Learnability and Playability of Pitch Layouts in New Musical Instruments,ICMC,Andrew,male,,,,,,,,,,,,,,,,,,,,,,,,,,,,,,,0.98,0.99,,,,,,,,,,,,,,,,
['Stefano Fasciani and Manohar Vohra '],Stefano,male,Spain,2019,1,Towards a High-Performance Platform for Sonic Interaction Interfaces ,ICMC,,,,,,,,,,,,,,,,,,,,,,,,,,,,,,,,,0.99,,,,,,,,,,,,,,,,,
['Doga Cavdir '],Doga,female,Spain,2019,1,S1.2.  Digital Manufacturing for Musical Applications: A Survey of Current Status and Future Outlook,ICMC,,,,,,,,,,,,,,,,,,,,,,,,,,,,,,,,,0.54,,,,,,,,,,,,,,,,,
"['Romain Michon', ' Yann Orlarey', ' Stéphane Letz and Dominique Fober ']",Romain,male,Spain,2019,3,S1.3.  Real Time Audio Digital Signal Processing with Faust and the Teensy,ICMC,Yann,male,Stéphane,None,,,,,,,,,,,,,,,,,,,,,,,,,,,,,0.99,0.98,0.0,,,,,,,,,,,,,,,
"['Kjetil Falkenberg Hansen', ' Martin Ljungdahl-Eriksson and Ricardo Atienza ']",Kjetil,male,Spain,2019,2,S1.4.  Sound Design through Large Audience Interaction,ICMC,Martin,male,,,,,,,,,,,,,,,,,,,,,,,,,,,,,,,0.99,0.98,,,,,,,,,,,,,,,,
['Fiona Keenan and Sandra Pauletto '],Fiona,female,Spain,2019,1,S1.5.  Evaluating a Continuous Sonic Interaction: Comparing a Performable Acoustic and Digital Everyday Sound,ICMC,,,,,,,,,,,,,,,,,,,,,,,,,,,,,,,,,0.97,,,,,,,,,,,,,,,,,
"['Leonardo Fierro', ' Jussi Rämö and Vesa Välimäki ']",Leonardo,male,Spain,2019,2,Adaptive Loudness Compensation in Music Listening ,ICMC,Jussi,male,,,,,,,,,,,,,,,,,,,,,,,,,,,,,,,0.99,0.97,,,,,,,,,,,,,,,,
"['Joonas Tuovinen', ' Jamin Hu and Vesa Välimäki ']",Joonas,male,Spain,2019,2,S2.2.  Toward Automatic Tuning of the Piano,ICMC,Jamin,male,,,,,,,,,,,,,,,,,,,,,,,,,,,,,,,1.0,0.82,,,,,,,,,,,,,,,,
"['Silvin Willemsen', ' Nikolaj Andersson', ' Stefania Serafin and Stefan Bilbao ']",Silvin,male,Spain,2019,3,S2.3.  Real-time Control of Large-scale Modular Physical Models using the Sensel Morph,ICMC,Nikolaj,male,Stefania,female,,,,,,,,,,,,,,,,,,,,,,,,,,,,,0.82,0.99,0.99,,,,,,,,,,,,,,,
['Prithvi Kantan and Sofia Dahl '],Prithvi,male,Spain,2019,1,S2.4.  An Interactive Music Synthesizer for Gait Training in Neurorehabilitation,ICMC,,,,,,,,,,,,,,,,,,,,,,,,,,,,,,,,,0.94,,,,,,,,,,,,,,,,,
"['Claudio Panariello', ' Mattias Sköld', ' Emma Frid and Roberto Bresin ']",Claudio,male,Spain,2019,3,S2.5.  From Vocal Sketching to Sound Models by Means of a Sound-Based Musical Transcription System,ICMC,Mattias,male,Emma,female,,,,,,,,,,,,,,,,,,,,,,,,,,,,,0.99,0.99,0.93,,,,,,,,,,,,,,,
['Olivier Lartillot and Didier Grandjean '],Olivier,male,Spain,2019,1,S2.6.  Tempo and Metrical Analysis by Tracking Multiple Metrical Levels Using Autocorrelation,ICMC,,,,,,,,,,,,,,,,,,,,,,,,,,,,,,,,,0.99,,,,,,,,,,,,,,,,,
"['Brett Dalton', ' David Johnson and George Tzanetakis']",Brett,male,Spain,2019,2,DAW-Integrated Beat Tracking for Music Production,ICMC,David,male,,,,,,,,,,,,,,,,,,,,,,,,,,,,,,,0.99,0.99,,,,,,,,,,,,,,,,
['Stefano Kalonaris'],Stefano,male,Spain,2019,1,P1.2. Interaction-based Analysis of Freely Improvised Music,ICMC,,,,,,,,,,,,,,,,,,,,,,,,,,,,,,,,,0.99,,,,,,,,,,,,,,,,,
"['Alexandros Kontogeorgakopoulos', ' George Sioros and Odysseas Klissouras']",Alexandros,male,Spain,2019,2,P1.3. Mechanical Entanglement: A Collaborative Haptic-Music Performance,ICMC,George,male,,,,,,,,,,,,,,,,,,,,,,,,,,,,,,,0.99,0.98,,,,,,,,,,,,,,,,
"['Patrick Neff', ' Jan Schacher and Daniel Bisig']",Patrick,male,Spain,2019,2,P1.4. State Dependency - Audiovisual interaction through brain states,ICMC,Jan,male,,,,,,,,,,,,,,,,,,,,,,,,,,,,,,,0.99,0.95,,,,,,,,,,,,,,,,
['Adrián Barahona and Sandra Pauletto'],Adrián,None,Spain,2019,1,P1.5. Perceptual Evaluation of Modal Synthesis for Impact-Based Sounds,ICMC,,,,,,,,,,,,,,,,,,,,,,,,,,,,,,,,,0.0,,,,,,,,,,,,,,,,,
"['Andreas Bergsland', ' Sigurd Saue and Pekka Stokke']",Andreas,male,Spain,2019,2,P1.6. VIBRA - Technical and Artistic Issues in an Interactive Dance Project,ICMC,Sigurd,male,,,,,,,,,,,,,,,,,,,,,,,,,,,,,,,0.99,0.98,,,,,,,,,,,,,,,,
['Hendrik Schreiber and Meinard Müller'],Hendrik,male,Spain,2019,1,P1.7. Musical Tempo and Key Estimation with Directional Convolutional Neural Networks,ICMC,,,,,,,,,,,,,,,,,,,,,,,,,,,,,,,,,0.99,,,,,,,,,,,,,,,,,
"['Simone Spagnol', ' Kristján Bjarki Purkhús', ' Sverrir Karl Björnsson and Runar Unnthórsson']",Simone,male,Spain,2019,3,P1.8. The Viking HRTF Dataset,ICMC,Kristján,None,Sverrir,male,,,,,,,,,,,,,,,,,,,,,,,,,,,,,0.75,0.0,1.0,,,,,,,,,,,,,,,
"['Frank Pecquet', ' Fotis Moschos', ' David Fierro and Justin Pecquet']",Frank,male,Spain,2019,3,P1.9. Performing with Sound Sample-Controlled Gloves and Light-Controlled Arms,ICMC,Fotis,male,David,male,,,,,,,,,,,,,,,,,,,,,,,,,,,,,0.99,0.99,0.99,,,,,,,,,,,,,,,
['Zheng Jiang and Roger Dannenberg'],Zheng,male,Spain,2019,1,P1.10. Melody Identification in Standard MIDI Files,ICMC,,,,,,,,,,,,,,,,,,,,,,,,,,,,,,,,,0.75,,,,,,,,,,,,,,,,,
"['Emir Demirel', ' Baris Bozkurt and Xavier Serra']",Emir,male,Spain,2019,2,P1.11. Automatic Chord-Scale Recognition using Harmonic Pitch Class Profiles,ICMC,Baris,male,,,,,,,,,,,,,,,,,,,,,,,,,,,,,,,0.97,0.98,,,,,,,,,,,,,,,,
['Max Neupert and Clemens Wegener '],Max,male,Spain,2019,1, Exciting Digital Resonators with Analogue Sound ,ICMC,,,,,,,,,,,,,,,,,,,,,,,,,,,,,,,,,0.98,,,,,,,,,,,,,,,,,
['Masatoshi Hamanaka '],Masatoshi,male,Spain,2019,1,D1.2.  Melody Slot Machine,ICMC,,,,,,,,,,,,,,,,,,,,,,,,,,,,,,,,,1.0,,,,,,,,,,,,,,,,,
['Anders Vinjar and Jean Bresson '],Anders,male,Spain,2019,1,D1.3.  OM-AI: A Toolkit to Support AI-Based Computer-Assisted Composition Workflows in OpenMusic,ICMC,,,,,,,,,,,,,,,,,,,,,,,,,,,,,,,,,0.99,,,,,,,,,,,,,,,,,
['Enrico Dorigatti '],Enrico,male,Spain,2019,1,D1.4.  URALi: a proposal of approach to real-time audio synthesis in Unity,ICMC,,,,,,,,,,,,,,,,,,,,,,,,,,,,,,,,,0.99,,,,,,,,,,,,,,,,,
['Silvan David Peter and Gerhard Widmer '],Silvan,male,Spain,2019,1,D1.5.  A Sequencer with Decoupled Track Timing,ICMC,,,,,,,,,,,,,,,,,,,,,,,,,,,,,,,,,0.96,,,,,,,,,,,,,,,,,
['Víctor Jaime Marín and Alberto Peinado '],Víctor,None,Spain,2019,1,D1.6.  Musicypher: Music for Message Encryption,ICMC,,,,,,,,,,,,,,,,,,,,,,,,,,,,,,,,,0.0,,,,,,,,,,,,,,,,,
['Fu-Hai Frank Wu '],Fu-Hai,None,Spain,2019,1,D1.7.  A Platform for Processing Sheet Music and Developing Multimedia Application,ICMC,,,,,,,,,,,,,,,,,,,,,,,,,,,,,,,,,0.0,,,,,,,,,,,,,,,,,
"['Alejandro Villena-Rodríguez', ' Lorenzo J. Tardón', ' Isabel Barbancho', ' Ana M. Barbancho', ' Irene Gómez-Plazas and María-José Varela-Salinas ']",Alejandro,male,Spain,2019,5,D1.8.  Capturing the Reaction Time to Distinguish between Voice and Music,ICMC,Lorenzo,male,Isabel,female,Ana,female,Irene,female,,,,,,,,,,,,,,,,,,,,,,,,,0.99,0.99,0.98,0.98,0.99,,,,,,,,,,,,,
"['Silvin Willemsen ', ' Stefan Bilbao', ' Nikolaj Andersson and Stefania Serafin ']",Silvin,male,Spain,2019,3,D1.9.  Physical Models and Real-Time Control with the Sensel Morph,ICMC,Stefan,male,Nikolaj,male,,,,,,,,,,,,,,,,,,,,,,,,,,,,,0.82,0.98,0.99,,,,,,,,,,,,,,,
"['Romain Michon', ' Yann Orlarey', ' Stéphane Letz and Dominique Fober ']",Romain,male,Spain,2019,3,Comparison and Implementation of Data Transmission Techniques through Analog Audio Signals in the Context of Augmented Mobile Instruments,ICMC,Yann,male,Stéphane,None,,,,,,,,,,,,,,,,,,,,,,,,,,,,,0.99,0.98,0.0,,,,,,,,,,,,,,,
['Jerome Villeneuve and James Leonard '],Jerome,male,Spain,2019,1,S3.2.  Mass-Interaction Physical Models for Sound and Multi-Sensory Creation: Starting Anew,ICMC,,,,,,,,,,,,,,,,,,,,,,,,,,,,,,,,,0.99,,,,,,,,,,,,,,,,,
['Anıl Çamcı '],Anıl,None,Spain,2019,1,S3.3.  Exploring the Effects of Diegetic and Non-diegetic Audiovisual Cues on Decision-making in Virtual Reality,ICMC,,,,,,,,,,,,,,,,,,,,,,,,,,,,,,,,,0.0,,,,,,,,,,,,,,,,,
"['David Johnson', ' Daniela Damian and George Tzanetakis ']",David,male,Spain,2019,2,S3.4.  OSC-XR: A Toolkit for Extended Reality Immersive Music Interfaces,ICMC,Daniela,female,,,,,,,,,,,,,,,,,,,,,,,,,,,,,,,0.99,0.98,,,,,,,,,,,,,,,,
"['Andrea Passalenti', ' Razvan Paisa', ' Niels Christian Nilsson', ' Nikolaj S. Andersson', ' Federico Fontana', ' Rolf Nordahl and Stefania Serafin ']",Andrea,male,Spain,2019,6,S3.5.  No Strings Attached: Force and Vibrotactile Feedback in a Guitar Simulation,ICMC,Razvan,male,Niels,male,Nikolaj,male,Federico,male,Rolf,male,,,,,,,,,,,,,,,,,,,,,,,0.62,1.0,0.99,0.99,0.99,0.99,,,,,,,,,,,,
['Darrell Gibson and Richard Polfreman '],Darrell,male,Spain,2019,1,A Framework for the Evaluation of Interpolated Synthesizer Parameter Mapping ,ICMC,,,,,,,,,,,,,,,,,,,,,,,,,,,,,,,,,0.98,,,,,,,,,,,,,,,,,
"['Stephen Pearse', ' Leigh Landy', ' Duncan Chapman', ' David Holland and Mihai Eni ']",Stephen,male,Spain,2019,4,S4.2.  Composing with Sounds: Designing an Object Oriented Daw for the Teaching of Sound-Based Composition,ICMC,Leigh,male,Duncan,male,David,male,,,,,,,,,,,,,,,,,,,,,,,,,,,0.99,0.5,0.99,0.99,,,,,,,,,,,,,,
['Gordan Kreković '],Gordan,male,Spain,2019,1,S4.3.  Insights in Habits and Attitudes Regarding Programming Sound Synthesizers: A Quantitative Study,ICMC,,,,,,,,,,,,,,,,,,,,,,,,,,,,,,,,,0.97,,,,,,,,,,,,,,,,,
"['Dmitri Kartofelev', ' Joann Arro and Vesa Välimäki ']",Dmitri,male,Spain,2019,2,S5.1.  Experimental Verification of Dispersive Wave Propagation on Guitar Strings,ICMC,Joann,female,,,,,,,,,,,,,,,,,,,,,,,,,,,,,,,1.0,0.83,,,,,,,,,,,,,,,,
"['Eero-Pekka Damskägg', ' Lauri Juvela and Vesa Välimäki ']",Eero-Pekka,male,Spain,2019,2,S5.2.  Real-Time Modeling of Audio Distortion Circuits with Deep Learning,ICMC,Lauri,female,,,,,,,,,,,,,,,,,,,,,,,,,,,,,,,1.0,0.55,,,,,,,,,,,,,,,,
['James Leonard and Jerome Villeneuve '],James,male,Spain,2019,1,S5.3.  MI-GEN~: An Efficient and Accessible Mass-Interaction Sound Synthesis Toolbox,ICMC,,,,,,,,,,,,,,,,,,,,,,,,,,,,,,,,,0.99,,,,,,,,,,,,,,,,,
['Jennifer Hsu and Tamara Smyth '],Jennifer,female,Spain,2019,1,S5.5.  Percussion synthesis using loopback frequency modulation oscillators,ICMC,,,,,,,,,,,,,,,,,,,,,,,,,,,,,,,,,0.98,,,,,,,,,,,,,,,,,
['Akira Maezawa '],Akira,male,Spain,2019,1,S5.6.  Deep Linear Autoregressive Model for Interpretable Prediction of Expressive Tempo,ICMC,,,,,,,,,,,,,,,,,,,,,,,,,,,,,,,,,0.85,,,,,,,,,,,,,,,,,
"['Eduardo Magalhães', ' Emil Rosenlund Høeg', ' Gilberto Bernardes', ' Jon Ram Bruun-Pedersen', ' Stefania Serafin and Rolf Nordhal ']",Eduardo,male,Spain,2019,5,"Combining Texture-Derived Vibrotactile Feedback, Concatenative Synthesis and Photogrammetry for Virtual Reality Rendering",ICMC,Emil,male,Gilberto,male,Jon,male,Stefania,female,,,,,,,,,,,,,,,,,,,,,,,,,0.99,0.98,0.99,0.98,0.99,,,,,,,,,,,,,
"['Federico Avanzini', ' Adriano Baratè', ' Luca Andrea Ludovico and Marcella Mandanici ']",Federico,male,Spain,2019,3,Metrics for the Automatic Assessment of Music Harmony Awareness in Children,ICMC,Adriano,male,Luca,male,,,,,,,,,,,,,,,,,,,,,,,,,,,,,0.99,0.99,0.96,,,,,,,,,,,,,,,
"['Qichao Lan', ' Jim Tørresen and Alexander Refsum Jensenius ']",Qichao,male,Spain,2019,2,RaveForce: A Deep Reinforcement Learning Environment for Music Generation ,ICMC,Jim,male,,,,,,,,,,,,,,,,,,,,,,,,,,,,,,,0.88,0.98,,,,,,,,,,,,,,,,
['Meihui Tong and Satoshi Tojo '],Meihui,female,Spain,2019,1,P2.2.  Music Temperaments Evaluation Based on Triads,ICMC,,,,,,,,,,,,,,,,,,,,,,,,,,,,,,,,,1.0,,,,,,,,,,,,,,,,,
['Giovanni Santini '],Giovanni,male,Spain,2019,1,P2.3.  Composing space in the space: An Augmented and Virtual Reality sound spatialization system,ICMC,,,,,,,,,,,,,,,,,,,,,,,,,,,,,,,,,0.99,,,,,,,,,,,,,,,,,
['Pelle Juul Christensen and Stefania Serafin '],Pelle,male,Spain,2019,1,P2.4.  Graph Based Physical Models for Sound Synthesis,ICMC,,,,,,,,,,,,,,,,,,,,,,,,,,,,,,,,,0.96,,,,,,,,,,,,,,,,,
"['Lynda Gerry', ' Sofia Dahl and Stefania Serafin ']",Lynda,female,Spain,2019,2,"P2.5.  ADPET: Exploring the Design, Pedagogy, and Analysis of a Mixed Reality Application for Piano Training",ICMC,Sofia,female,,,,,,,,,,,,,,,,,,,,,,,,,,,,,,,0.98,0.98,,,,,,,,,,,,,,,,
"['Kristoffer Landsnes', ' Liana Mehrabyan', ' Victor Wiklund', ' Fabian C. Moss', ' Robert Lieck and Martin Rohrmeier ']",Kristoffer,male,Spain,2019,5,P2.6.  Chord Prediction with The Annotated Beethoven Corpus,ICMC,Liana,female,Victor,male,Fabian,male,Robert,male,,,,,,,,,,,,,,,,,,,,,,,,,1.0,0.98,0.99,0.99,0.99,,,,,,,,,,,,,
"['Adrian B. Latupeirissa', ' Emma Frid and Roberto Bresin ']",Adrian,male,Spain,2019,2,P2.7.  Sonic Characteristics of Robots in Films,ICMC,Emma,female,,,,,,,,,,,,,,,,,,,,,,,,,,,,,,,0.99,0.93,,,,,,,,,,,,,,,,
"['Ali Adjorlu', ' Nathaly Belen Betancourt Barriga and Stefania Serafin ']",Ali,male,Spain,2019,2,P2.8.  Virtual Reality Music Intervention to Reduce Social Anxiety in Adolescents Diagnosed with Autism Spectrum Disorder,ICMC,Nathaly,female,,,,,,,,,,,,,,,,,,,,,,,,,,,,,,,0.95,0.98,,,,,,,,,,,,,,,,
['Lilian Jap and Andre Holzapfel '],Lilian,female,Spain,2019,1,P2.10.  Real-time Mapping of Periodic Dance Movements to Control Tempo in Electronic Dance Music,ICMC,,,,,,,,,,,,,,,,,,,,,,,,,,,,,,,,,0.73,,,,,,,,,,,,,,,,,
"['Tom Davis', ' Daniel Pierson and Ann Bevan ']",Tom,male,Spain,2019,2,P2.11.  Increasing Access to Music in SEN Settings,ICMC,Daniel,male,,,,,,,,,,,,,,,,,,,,,,,,,,,,,,,0.99,0.99,,,,,,,,,,,,,,,,
['Arne Eigenfeldt '],Arne,male,Spain,2019,1,Interacting with Musebots (that don’t really listen) ,ICMC,,,,,,,,,,,,,,,,,,,,,,,,,,,,,,,,,0.98,,,,,,,,,,,,,,,,,
"['Akane Yasuhara', ' Junko Fujii and Tetsuro Kitahara ']",Akane,female,Spain,2019,2,D2.2.  Extending Jamsketch: An Improvisation Support System,ICMC,Junko,female,,,,,,,,,,,,,,,,,,,,,,,,,,,,,,,0.94,0.95,,,,,,,,,,,,,,,,
"['Swaroop Panda', ' Vinay P. Namboodiri and Shatarupa Thakurta Roy ']",Swaroop,male,Spain,2019,2,D2.3.  Visualizing Music Genres using a Topic Model,ICMC,Vinay,male,,,,,,,,,,,,,,,,,,,,,,,,,,,,,,,0.99,0.99,,,,,,,,,,,,,,,,
"['Daniel Hernán Molina Villota', ' Antonio Jurado-Navas and Isabel Barbancho ']",Daniel,male,Spain,2019,2,D2.4.  CompoVOX: Real-Time Sonification of Voice,ICMC,Antonio,male,,,,,,,,,,,,,,,,,,,,,,,,,,,,,,,0.99,0.99,,,,,,,,,,,,,,,,
"['Oscar Cobos', ' Jorge Munilla', ' Ana M. Barbancho', ' Isabel Barbancho and Lorenzo J. Tardón ']",Oscar,male,Spain,2019,4,D2.5.  Facial Activity Detection to Monitor Attention and Fatigue,ICMC,Jorge,male,Ana,female,Isabel,female,,,,,,,,,,,,,,,,,,,,,,,,,,,0.99,0.99,0.98,0.98,,,,,,,,,,,,,,
"['Eamon McCoy', ' John Greene', ' Jared Henson', ' James Pinder', ' Jonathan Brown', ' Claire Arthur']",Eamon,male,Spain,2019,6,D2.6.  The Chordinator: An Interactive Music Learning Device,ICMC,John,male,Jared,male,James,male,Jonathan,male,Claire,female,,,,,,,,,,,,,,,,,,,,,,,0.98,0.99,0.99,0.99,0.99,0.97,,,,,,,,,,,,
['Sascha Grollmisch and Estefania Cano '],Sascha,male,Spain,2019,1,D2.7.  Automatic Chord Recognition in Music Education Applications,ICMC,,,,,,,,,,,,,,,,,,,,,,,,,,,,,,,,,0.97,,,,,,,,,,,,,,,,,
"['Signe Lund Mathiesen', ' Derek Victor Byrne and Qian Janice Wang ']",Signe,female,Spain,2019,2,D2.8.  Sonic Sweetener Mug,ICMC,Derek,male,,,,,,,,,,,,,,,,,,,,,,,,,,,,,,,0.95,0.99,,,,,,,,,,,,,,,,
"['Florian Colombo', ' Johanni Brea and Wulfram Gerstner ']",Florian,male,Spain,2019,2,Learning to Generate Music with BachProp ,ICMC,Johanni,female,,,,,,,,,,,,,,,,,,,,,,,,,,,,,,,0.99,0.72,,,,,,,,,,,,,,,,
"['Yucong Jiang', ' Fiona Ryan', ' David Cartledge and Christopher Raphael ']",Yucong,female,Spain,2019,3,S6.2.  Offline Score Alignment for Realistic Music Practice,ICMC,Fiona,female,David,male,,,,,,,,,,,,,,,,,,,,,,,,,,,,,1.0,0.97,0.99,,,,,,,,,,,,,,,
['Yucong Jiang and Christopher Raphael '],Yucong,female,Spain,2019,1,S6.3.  Piano Score-Following by Tracking Note Evolution,ICMC,,,,,,,,,,,,,,,,,,,,,,,,,,,,,,,,,1.0,,,,,,,,,,,,,,,,,
"['Kaede Noto', ' Yoshinari Takegawa and Keiji Hirata ']",Kaede,female,Spain,2019,2,S6.4.  Adaptive Score-Following System by Integrating Gaze Information,ICMC,Yoshinari,male,,,,,,,,,,,,,,,,,,,,,,,,,,,,,,,0.65,0.99,,,,,,,,,,,,,,,,
['Beach Clark and Claire Arthur '],Beach,male,Spain,2019,1,S6.5.  Alternative Measures: A Musicologist Workbench for Popular Music,ICMC,,,,,,,,,,,,,,,,,,,,,,,,,,,,,,,,,0.81,,,,,,,,,,,,,,,,,
"['Kin Wah Edward Lin', ' Tomoyasu Nakano and Masataka Goto ']",Kin,male,Spain,2019,2,VocalistMirror: A Singer Support Interface for Avoiding Undesirable Facial Expressions ,ICMC,Tomoyasu,male,,,,,,,,,,,,,,,,,,,,,,,,,,,,,,,0.78,1.0,,,,,,,,,,,,,,,,
['Hanna Järveläinen '],Hanna,female,Spain,2019,1,"S7.2.  Audiovisual perception of arousal, valence, and effort in contemporary cello performance",ICMC,,,,,,,,,,,,,,,,,,,,,,,,,,,,,,,,,0.95,,,,,,,,,,,,,,,,,
"['Olof Misgeld', ' Andre Holzapfel and Sven Ahlbäck ']",Olof,male,Spain,2019,2,S7.3.  Dancing dots - investigating the link between dancer and musician in Swedish Folk Dance,ICMC,Andre,male,,,,,,,,,,,,,,,,,,,,,,,,,,,,,,,0.99,0.95,,,,,,,,,,,,,,,,
['Lonce Wyse and Muhammad Huzaifah'],Lonce,male,Spain,2019,1, Conditioning a Recurrent Neural Network to synthesize musical instrument transients,ICMC,,,,,,,,,,,,,,,,,,,,,,,,,,,,,,,,,0.75,,,,,,,,,,,,,,,,,
"['Juliette Dubois', ' Anders Elowsson and Anders Friberg']",Juliette,female,Spain,2019,2,S8.2. Predicting Perceived Dissonance of Piano Chords Using a Chord-Class Invariant CNN and Deep Layered Learning,ICMC,Anders,male,,,,,,,,,,,,,,,,,,,,,,,,,,,,,,,0.97,0.99,,,,,,,,,,,,,,,,
"['Vincent P. Martin', ' Sylvain Reynal', ' Dogac Basaran and Hélène-Camille Crayencour ']",Vincent,male,Spain,2019,3,S8.3. Belief Propagation algorithm for Automatic Chord Estimation,ICMC,Sylvain,male,Dogac,male,,,,,,,,,,,,,,,,,,,,,,,,,,,,,0.99,0.99,1.0,,,,,,,,,,,,,,,
"['Changhong Wang', ' Emmanouil Benetos', ' Xiaojie Meng and Elaine Chew.']",Changhong,male,Spain,2019,3,S8.4. HMM-Based Glissando Detection for Recordings of Chinese Bamboo Flute,ICMC,Emmanouil,male,Xiaojie,female,,,,,,,,,,,,,,,,,,,,,,,,,,,,,0.55,0.98,0.52,,,,,,,,,,,,,,,
"['Christon-Ragavan Nadar', ' Jakob Abeßer and Sascha Grollmisch']",Christon-Ragavan,None,Spain,2019,2,S8.5. Towards CNN-based Acoustic Modeling of Seventh Chords for Automatic Chord Recognition,ICMC,Jakob,male,,,,,,,,,,,,,,,,,,,,,,,,,,,,,,,0.0,0.99,,,,,,,,,,,,,,,,
"['Fanny Roche', ' Thomas Hueber', ' Samuel Limier and Laurent Girin ']",Fanny,female,Spain,2019,3,"Autoencoders for music sound modeling: a comparison of linear, shallow, deep, recurrent and variational models",ICMC,Thomas,male,Samuel,male,,,,,,,,,,,,,,,,,,,,,,,,,,,,,0.97,0.99,0.99,,,,,,,,,,,,,,,
['Valentin Gillot and Frédéric Bimbot '],Valentin,male,Spain,2019,1,P3.2.  Polytopic reconfiguration: a graph-based scheme for the multiscale transformation of music segments and its perceptual assessment,ICMC,,,,,,,,,,,,,,,,,,,,,,,,,,,,,,,,,0.99,,,,,,,,,,,,,,,,,
['Martin Maunsbach and Stefania Serafin '],Martin,male,Spain,2019,1,P3.3.  Non-Linear Contact Sound Synthesis for Real-Time Audio-Visual Applications using Modal Textures,ICMC,,,,,,,,,,,,,,,,,,,,,,,,,,,,,,,,,0.98,,,,,,,,,,,,,,,,,
['Sepideh Shafiei '],Sepideh,female,Spain,2019,1,P3.4.  Analysis of Vocal Ornamentation in Iranian Classical Music,ICMC,,,,,,,,,,,,,,,,,,,,,,,,,,,,,,,,,0.98,,,,,,,,,,,,,,,,,
['Josué Moreno and Vesa Norilo '],Josué,None,Spain,2019,1,P3.5.  VUSAA: An Augmented Reality Mobile App for Urban Soundwalks,ICMC,,,,,,,,,,,,,,,,,,,,,,,,,,,,,,,,,0.0,,,,,,,,,,,,,,,,,
"['Helena Cuesta', ' Emilia Gómez and Pritish Chandna ']",Helena,female,Spain,2019,2,P3.6.  A Framework for Multi-f0 Modeling in SATB Choirs,ICMC,Emilia,female,,,,,,,,,,,,,,,,,,,,,,,,,,,,,,,0.99,0.98,,,,,,,,,,,,,,,,
['Tamara Smyth and Jennifer Hsu '],Tamara,female,Spain,2019,1,P3.7.  Representations of Self-Coupled Modal Oscillators with Time-Varying Sounding Frequency,ICMC,,,,,,,,,,,,,,,,,,,,,,,,,,,,,,,,,0.98,,,,,,,,,,,,,,,,,
['Andrea Valle '],Andrea,male,Spain,2019,1,P3.8.  SonaGraph. A cartoonified spectral model for music composition,ICMC,,,,,,,,,,,,,,,,,,,,,,,,,,,,,,,,,0.62,,,,,,,,,,,,,,,,,
['Nolan Lem '],Nolan,male,Spain,2019,1,P3.9.  Sound in Multiples: Synchrony and Interaction Design of Coupled- Oscillator Networks,ICMC,,,,,,,,,,,,,,,,,,,,,,,,,,,,,,,,,0.98,,,,,,,,,,,,,,,,,
"['Dimitrios Vassilakis', ' Anastasia Georgaki and Christina Anagnostopoulou ']",Dimitrios,male,Spain,2019,2,P3.10.  Jazz Mapping an Analytical and Computational Approach to Jazz Improvisation,ICMC,Anastasia,female,,,,,,,,,,,,,,,,,,,,,,,,,,,,,,,0.99,0.98,,,,,,,,,,,,,,,,
"['A. Sophia Koepke', ' Olivia Wiles and Andrew Zisserman ']",Sophia,female,Spain,2019,2,P3.11.  Visual Pitch Estimation,ICMC,Olivia,female,,,,,,,,,,,,,,,,,,,,,,,,,,,,,,,0.97,0.97,,,,,,,,,,,,,,,,
['Olivier Lartillot'],Olivier,male,Spain,2019,1,"Miningsuite: A Comprehensive Matlab Framework For Signal, Audio and Music Analysis, Articulating Audio And Symbolic Approaches",ICMC,,,,,,,,,,,,,,,,,,,,,,,,,,,,,,,,,0.99,,,,,,,,,,,,,,,,,
"['África Chamorro', ' Ana M. Barbancho', ' Isabel Barbancho and Lorenzo J. Tardón']",África,None,Spain,2019,3,Drawing Geometric Figures with Braille Description through a Speech Recognition System,ICMC,Ana,female,Isabel,female,,,,,,,,,,,,,,,,,,,,,,,,,,,,,0.0,0.98,0.98,,,,,,,,,,,,,,,
"['Daniel Moreno', ' Isabel Barbancho', ' Ana M. Barbancho and Lorenzo J. Tardón']",Daniel,male,Spain,2019,3,Interactive Music Training System,ICMC,Isabel,female,Ana,female,,,,,,,,,,,,,,,,,,,,,,,,,,,,,0.99,0.98,0.98,,,,,,,,,,,,,,,
['Simon Blackmore'],Simon,male,Spain,2019,1,Copying Clave – A Turing Test,ICMC,,,,,,,,,,,,,,,,,,,,,,,,,,,,,,,,,0.98,,,,,,,,,,,,,,,,,
['Tejaswinee Kelkar and Lynda Gerry'],Tejaswinee,female,Spain,2019,1,Resonance Improviser: A System for Transmitting the Embodied Sensations of Vocalization Between Two People During Improvisation,ICMC,,,,,,,,,,,,,,,,,,,,,,,,,,,,,,,,,1.0,,,,,,,,,,,,,,,,,
['Johan Pauwels and Mark B. Sandler'],Johan,male,Spain,2019,1,Finding New Practice Material through Chord-Based Exploration of a Large Music Catalogue,ICMC,,,,,,,,,,,,,,,,,,,,,,,,,,,,,,,,,0.99,,,,,,,,,,,,,,,,,
['Mads Hobye'],Mads,male,Spain,2019,1,Internal Complexity for Exploratory Interaction,ICMC,,,,,,,,,,,,,,,,,,,,,,,,,,,,,,,,,0.98,,,,,,,,,,,,,,,,,
"['Christian Baumann', ' Johanna Friederike Baarlink and Jan-Torsten Milde']",Christian,male,Spain,2019,2,Adaptive Body Movement Sonification in Music and Therapy,ICMC,Johanna,female,,,,,,,,,,,,,,,,,,,,,,,,,,,,,,,0.99,0.97,,,,,,,,,,,,,,,,
"['Davide Andrea Mauro', ' Federico Avanzini', ' Adriano Baratè', ' Luca Andrea Ludovico', ' Stavros Ntalampiras', ' Smilen Dimitrov and Stefania Serafin']",Davide,male,Italy,2020,6,#40. Sixteen years of Sound and Music Computing: A look into the history and trends of the Conference and Community,ICMC,Federico,male,Adriano,male,Luca,male,Stavros,male,Smilen,male,,,,,,,,,,,,,,,,,,,,,,,0.99,0.99,0.99,0.96,0.99,1.0,,,,,,,,,,,,
['Daniele Ghisi and Andrea Agostini'],Daniele,male,Italy,2020,1,#171. A compendium of bach's shortcomings as it turns ten (along with a few ideas on how to overcome them),ICMC,,,,,,,,,,,,,,,,,,,,,,,,,,,,,,,,,0.95,,,,,,,,,,,,,,,,,
['Jonathan Bell'],Jonathan,male,Italy,2020,1,"#222. Improvements in bach 0.8.1, a user's perspective",ICMC,,,,,,,,,,,,,,,,,,,,,,,,,,,,,,,,,0.99,,,,,,,,,,,,,,,,,
['Hans Lindetorp and Kjetil Falkenberg'],Hans,male,Italy,2020,1,#54. WebAudioXML: Proposing a new standard for structuring web audio,ICMC,,,,,,,,,,,,,,,,,,,,,,,,,,,,,,,,,0.97,,,,,,,,,,,,,,,,,
"['Shin Kato', ' Tomohiro Ikeda', ' Mitsuaki Kawamorita', ' Manabu Tsukada and Hiroshi Esaki']",Shin,male,Italy,2020,4,#102. Web360Square: An interactive web application for viewing 3D audio-visual contents,ICMC,Tomohiro,male,Mitsuaki,male,Manabu,male,,,,,,,,,,,,,,,,,,,,,,,,,,,0.75,1.0,1.0,1.0,,,,,,,,,,,,,,
"['Federico Simonetta', ' Stavros Ntalampiras and Federico Avanzini']",Federico,male,Italy,2020,2,#108. ASMD: An automatic framework for compiling multimodal datasets with audio and scores,ICMC,Stavros,male,,,,,,,,,,,,,,,,,,,,,,,,,,,,,,,0.99,0.99,,,,,,,,,,,,,,,,
['Laura Bishop and Alexander Refsum Jensenius'],Laura,female,Italy,2020,1,#181. Reliability of two IR motion capture systems in a music performance setting,ICMC,,,,,,,,,,,,,,,,,,,,,,,,,,,,,,,,,0.98,,,,,,,,,,,,,,,,,
"['Davor B. Vincze', ' Hrvoje Hiršl and Jonathan S. Abel']",Davor,male,Italy,2020,2,#14. Strune – An interactive audio-visual installation inspired by string theory,ICMC,Hrvoje,male,,,,,,,,,,,,,,,,,,,,,,,,,,,,,,,0.99,1.0,,,,,,,,,,,,,,,,
"['Roberto Bresin', ' Sandra Pauletto', ' Jarmo Laaksolahti and Erik Gandini']",Roberto,male,Italy,2020,3,#43. Looking for the soundscape of the future: preliminary results applying the design fiction method,ICMC,Sandra,female,Jarmo,male,,,,,,,,,,,,,,,,,,,,,,,,,,,,,0.99,0.98,0.99,,,,,,,,,,,,,,,
['Emma Frid and Hans Lindetorp'],Emma,female,Italy,2020,1,#57. Haptic music - Exploring whole-body vibrations and tactile sound for a multisensory music installation,ICMC,,,,,,,,,,,,,,,,,,,,,,,,,,,,,,,,,0.93,,,,,,,,,,,,,,,,,
"['Romain Michon', ' Daniel Overholt', ' Stéphane Letz', ' Yann Orlarey', ' Dominique Fober and Catinca Dumitrascu']",Romain,male,Italy,2020,5,#74. A Faust architecture for the ESP32 microcontroller,ICMC,Daniel,male,Stéphane,male,Yann,male,Dominique,male,,,,,,,,,,,,,,,,,,,,,,,,,0.99,0.99,0.99,0.98,0.57,,,,,,,,,,,,,
['Alexandros Kontogeorgakopoulos and Odysseas Klissouras'],Alexandros,male,Italy,2020,1,#115. 01101110 : An audiovisual installation based on the Cellular Automaton Rule 110,ICMC,,,,,,,,,,,,,,,,,,,,,,,,,,,,,,,,,0.99,,,,,,,,,,,,,,,,,
"['Guilherme Jun Yoshimura', ' Marcelo Queiroz', ' Haydée Fiszbein Wertzner and Danira Francisco']",Guilherme,male,Italy,2020,3,#130. Speech sound disorder classification based on time-aligned dissimilarity profiles,ICMC,Marcelo,male,Haydée,female,,,,,,,,,,,,,,,,,,,,,,,,,,,,,0.99,0.99,0.99,,,,,,,,,,,,,,,
['Nicolas Figueiredo and Marcelo Queiroz'],Nicolas,male,Italy,2020,1,#152. Detection of musically relevant regions in multiresolution time-frequency representations evaluated on piano recordings,ICMC,,,,,,,,,,,,,,,,,,,,,,,,,,,,,,,,,0.99,,,,,,,,,,,,,,,,,
['Doga Cavdir'],Doga,female,Italy,2020,1,#155. Embedding electronics in additive manufacturing for digital musical instrument design,ICMC,,,,,,,,,,,,,,,,,,,,,,,,,,,,,,,,,0.54,,,,,,,,,,,,,,,,,
['Nolan Lem'],Nolan,male,Italy,2020,1,"#157. Menagerie: exploring the audio-visual rhythms of violence through data, gun triggers, and swarms",ICMC,,,,,,,,,,,,,,,,,,,,,,,,,,,,,,,,,0.98,,,,,,,,,,,,,,,,,
"['Olivier Lartillot', ' Carlos Cancino-Chacón and Charles Brazier']",Olivier,male,Italy,2020,2,#165. Real-time visualisation of fugue played by a string quartet,ICMC,Carlos,male,,,,,,,,,,,,,,,,,,,,,,,,,,,,,,,0.99,0.99,,,,,,,,,,,,,,,,
['Georgios Varoutsos'],Georgios,male,Italy,2020,1,#166. Peace Wall Belfast: Spatial audio representation of Divided Spaces and soundwalks,ICMC,,,,,,,,,,,,,,,,,,,,,,,,,,,,,,,,,0.99,,,,,,,,,,,,,,,,,
"['Marius George Onofrei', ' Riccardo Miccini', ' Runar Unnthorsson', ' Stefania Serafin and Simone Spagnol']",Marius,male,Italy,2020,4,#99. 3D ear shape as an estimator of HRTF notch frequency,ICMC,Riccardo,male,Runar,male,Stefania,female,,,,,,,,,,,,,,,,,,,,,,,,,,,0.99,0.99,1.0,0.99,,,,,,,,,,,,,,
['Eoin F. Callery and Elliot K. Canfield-Dafilou'],Eoin,male,Italy,2020,1,#124. Methods for performing with feedback in virtual acoustics,ICMC,,,,,,,,,,,,,,,,,,,,,,,,,,,,,,,,,0.98,,,,,,,,,,,,,,,,,
"['Karolina Prawda', ' Sebastian J. Schlecht and Vesa Välimäki']",Karolina,female,Italy,2020,2,#145. Evaluation of reverberation time models with variable acoustics,ICMC,Sebastian,male,,,,,,,,,,,,,,,,,,,,,,,,,,,,,,,0.98,0.99,,,,,,,,,,,,,,,,
"['Rares Stefan Alecu', ' Stefania Serafin', ' Silvin Willemsen', ' Emanuele Parravicini and Stefano Lucato']",Rares,male,Italy,2020,4,#63. Embouchure interaction model for brass instruments,ICMC,Stefania,female,Silvin,male,Emanuele,male,,,,,,,,,,,,,,,,,,,,,,,,,,,0.98,0.99,0.82,0.99,,,,,,,,,,,,,,
"['Silvin Willemsen', ' Stefania Serafin', ' Stefan Bilbao and Michele Ducceschi']",Silvin,male,Italy,2020,3,#97. Real-time implementation of a physical model of the tromba marina,ICMC,Stefania,female,Stefan,male,,,,,,,,,,,,,,,,,,,,,,,,,,,,,0.82,0.99,0.98,,,,,,,,,,,,,,,
"['Dmitri Kartofelev', ' Joann Gustav Arro and Vesa Välimäki']",Dmitri,male,Italy,2020,2,#120. Insights into the string-barrier interaction dynamics based on high-speed camera measurements,ICMC,Joann,female,,,,,,,,,,,,,,,,,,,,,,,,,,,,,,,1.0,0.83,,,,,,,,,,,,,,,,
"['Çagri Erdem', ' Qichao Lan', ' Julian Fuhrer', ' Charles Martin', ' Jim Tørresen and Alexander Refsum Jensenius']",Çagri,None,Italy,2020,5,#67. Towards playing in the 'air': Modeling motion-sound energy relationships in electric guitar performance using deep neural networks,ICMC,Qichao,male,Julian,male,Charles,male,Jim,male,,,,,,,,,,,,,,,,,,,,,,,,,0.0,0.88,0.98,0.99,0.98,,,,,,,,,,,,,
"['Yudong Zhao', ' György Fazekas and Mark Sandler']",Yudong,male,Italy,2020,2,#168. Identifying master violinists using note-level audio features,ICMC,György,male,,,,,,,,,,,,,,,,,,,,,,,,,,,,,,,0.9,0.98,,,,,,,,,,,,,,,,
"['Luca Marinelli', ' Athanasios Lykartsis', ' Charalampos Saitis and Stefan Weinzierl']",Luca,male,Italy,2020,3,#186. Musical dynamics classification with CNN and modulation spectra,ICMC,Athanasios,male,Charalampos,male,,,,,,,,,,,,,,,,,,,,,,,,,,,,,0.96,0.99,0.99,,,,,,,,,,,,,,,
['Daniel Mayer'],Daniel,male,Italy,2020,1,#53. Fb1 – An interface for single sample feedback and feedforward in SuperCollider,ICMC,,,,,,,,,,,,,,,,,,,,,,,,,,,,,,,,,0.99,,,,,,,,,,,,,,,,,
['Nicolas Castagné and Annie Luciani'],Nicolas,male,Italy,2020,1,#55. The Physics Network Scripting Language to design masses-interactions physical models for arts,ICMC,,,,,,,,,,,,,,,,,,,,,,,,,,,,,,,,,0.99,,,,,,,,,,,,,,,,,
['Giacomo Lepri'],Giacomo,male,Italy,2020,1,#59. Sonification as negotiation - Learning from translation studies,ICMC,,,,,,,,,,,,,,,,,,,,,,,,,,,,,,,,,0.99,,,,,,,,,,,,,,,,,
"['Rasmus Kjærbo', ' Ramon Romeu', ' Marco González Pérez', ' Francisco Rosado Correia', ' Vatsal Guruvayurappan', ' Daniel Overholt and Sofia Dahl']",Rasmus,male,Italy,2020,6,#100. Rhythm Rangers: An evaluation of beat synchronisation skills and musical confidence through multiplayer gamification influence,ICMC,Ramon,male,Marco,male,Francisco,male,Vatsal,male,Daniel,male,,,,,,,,,,,,,,,,,,,,,,,0.99,0.98,0.99,0.99,1.0,0.99,,,,,,,,,,,,
"['Asterios Zacharakis', ' Stamatia Kalaitzidou', ' Maximos Kaliakatsos-Papakostas and Emilios Cambouropoulos']",Asterios,male,Italy,2020,3,"#109. Good artists copy, great artists steal: Strategies for creative exploitation of the CHAMELEON harmonisation assistant",ICMC,Stamatia,female,Maximos,male,,,,,,,,,,,,,,,,,,,,,,,,,,,,,0.99,0.99,0.96,,,,,,,,,,,,,,,
['James Leonard and Jerome Villeneuve'],James,male,Italy,2020,1,#116. Design and implementation of real-time physically-based virtual musical instruments: A balancing act,ICMC,,,,,,,,,,,,,,,,,,,,,,,,,,,,,,,,,0.99,,,,,,,,,,,,,,,,,
"['Yuri De Pra', ' Federico Fontana', ' Stefano Papetti and Michele Simonato']",Yuri,male,Italy,2020,3,#141. A low-cost endless knob controller with programmable resistive force feedback for multimedia production,ICMC,Federico,male,Stefano,male,,,,,,,,,,,,,,,,,,,,,,,,,,,,,0.76,0.99,0.99,,,,,,,,,,,,,,,
"['Karolina Prawda', ' Stefania Serafin and Vesa Välimäki']",Karolina,female,Italy,2020,2,#144. Evaluation of accurate artificial reverberation algorithm,ICMC,Stefania,female,,,,,,,,,,,,,,,,,,,,,,,,,,,,,,,0.98,0.99,,,,,,,,,,,,,,,,
['Matteo Amadio and Alberto Novello'],Matteo,male,Italy,2020,1,#169. Digitally enhanced drums: An approach to rhythmic improvisation,ICMC,,,,,,,,,,,,,,,,,,,,,,,,,,,,,,,,,0.99,,,,,,,,,,,,,,,,,
['Matteo Marson and Andrea Agostini'],Matteo,male,Italy,2020,1,#173. ET systems: A high-level approach to additive synthesis control,ICMC,,,,,,,,,,,,,,,,,,,,,,,,,,,,,,,,,0.99,,,,,,,,,,,,,,,,,
['Georgios Marentakis'],Georgios,male,Italy,2020,1,#147. Pictorize: Transforming image region luminosity to sound brightness for monitoring location,ICMC,,,,,,,,,,,,,,,,,,,,,,,,,,,,,,,,,0.99,,,,,,,,,,,,,,,,,
"['Marco Tiraboschi', ' Federico Avanzini and Stavros Ntalampiras']",Marco,male,Italy,2020,2,#167. Spectral analysis for modal parameters linear estimate,ICMC,Federico,male,,,,,,,,,,,,,,,,,,,,,,,,,,,,,,,0.99,0.99,,,,,,,,,,,,,,,,
"['Argan Verrier', ' Vincent Goudard', ' Elim Hong and Hugues Genevois']",Argan,male,Italy,2020,3,#220. Interactive software for the sonification of neuronal activity,ICMC,Vincent,male,Elim,female,,,,,,,,,,,,,,,,,,,,,,,,,,,,,0.87,0.99,0.6,,,,,,,,,,,,,,,
"['Silvin Willemsen', ' Anca-Simona Horvath and Mauro Nascimben']",Silvin,male,Italy,2020,2,#44. DigiDrum - A haptic-based virtual reality musical instrument and a case study,ICMC,Anca-Simona,female,,,,,,,,,,,,,,,,,,,,,,,,,,,,,,,0.82,1.0,,,,,,,,,,,,,,,,
"['Silvin Willemsen', ' Razvan Paisa and Stefania Serafin']",Silvin,male,Italy,2020,2,#112. Resurrecting the tromba marina: A bowed virtual reality instrument using haptic feedback and accurate physical modelling,ICMC,Razvan,male,,,,,,,,,,,,,,,,,,,,,,,,,,,,,,,0.82,1.0,,,,,,,,,,,,,,,,
['Claude Cadoz'],Claude,male,Italy,2020,1,#136. GENESIS 4th generation / Nomadicity / Gesture emulation: Real-time CORDIS-ANIMA physical modeling and high performance force-feedback interaction within the Hélicanthe workstation,ICMC,,,,,,,,,,,,,,,,,,,,,,,,,,,,,,,,,0.89,,,,,,,,,,,,,,,,,
"['Hiroyuki Yamamoto', ' Yui Uehara and Satoshi Tojo']",Hiroyuki,male,Italy,2020,2,#87. Jazz harmony analysis with epsilon-transition and cadential shortcut,ICMC,Yui,female,,,,,,,,,,,,,,,,,,,,,,,,,,,,,,,1.0,0.83,,,,,,,,,,,,,,,,
"['Laurent Feisthauer', ' Louis Bigo', ' Mathieu Giraud and Florence Levé']",Laurent,male,Italy,2020,3,#151. Estimating keys and modulations in musical pieces,ICMC,Louis,male,Mathieu,male,,,,,,,,,,,,,,,,,,,,,,,,,,,,,0.99,0.97,0.99,,,,,,,,,,,,,,,
"['Minz Won', ' Andres Ferraro', ' Dmitry Bogdanov and Xavier\xa0Serra']",Minz,male,Italy,2020,3,#210. Evaluation of CNN-based automatic music tagging models,ICMC,Andres,male,Dmitry,male,,,,,,,,,,,,,,,,,,,,,,,,,,,,,0.72,0.98,1.0,,,,,,,,,,,,,,,
"['Masatoshi Hamanaka', ' Yui Isono', ' Keiji Hirata and Satoshi Tojo']",Masatoshi,male,Italy,2020,3,#75. Web-based time-span tree editor and analysis database,ICMC,Yui,female,Keiji,male,,,,,,,,,,,,,,,,,,,,,,,,,,,,,1.0,0.83,0.99,,,,,,,,,,,,,,,
['Tsubasa Tanaka'],Tsubasa,male,Italy,2020,1,"#86. Motif set assignment problem in the compositional process of ""Musical Rally""",ICMC,,,,,,,,,,,,,,,,,,,,,,,,,,,,,,,,,0.9,,,,,,,,,,,,,,,,,
"['Yuta Ogura', ' Hidefumi Ohmura', ' Yui Uehara', ' Satoshi Tojo and Kouichi Katsurada']",Yuta,male,Italy,2020,4,#111. Expectation-based parsing for jazz chord sequences,ICMC,Hidefumi,male,Yui,female,Satoshi,male,,,,,,,,,,,,,,,,,,,,,,,,,,,0.98,1.0,0.83,1.0,,,,,,,,,,,,,,
['Giovanni Santini'],Giovanni,male,Italy,2020,1,#113. Composition as an embodied act: A framework for the gesture-based creation of augmented reality action scores,ICMC,,,,,,,,,,,,,,,,,,,,,,,,,,,,,,,,,0.99,,,,,,,,,,,,,,,,,
"['Juan Alonso Moreno', ' Francesco Bigoni and Georgios Palamas']",Juan,male,Italy,2020,2,#122. Latent birds: A bird's-eye view exploration of the latent space,ICMC,Francesco,male,,,,,,,,,,,,,,,,,,,,,,,,,,,,,,,0.98,0.99,,,,,,,,,,,,,,,,
['Charles Brazier and Gerhard Widmer'],Charles,male,Italy,2020,1,#135. Towards reliable real-time opera tracking: Combining alignment with audio event detectors to increase robustness,ICMC,,,,,,,,,,,,,,,,,,,,,,,,,,,,,,,,,0.99,,,,,,,,,,,,,,,,,
"['Simon Borst Tyroll', ' Daniel Overholt and Georgios Palamas']",Simon,male,Italy,2020,2,#170. AVAI: A tool for expressive music visualization based on autoencoders and constant Q transformation,ICMC,Daniel,male,,,,,,,,,,,,,,,,,,,,,,,,,,,,,,,0.98,0.99,,,,,,,,,,,,,,,,
['Beate Ruth Kutschke and Tobias Bachmann'],Beate,female,Italy,2020,1,#189. Historiography of the form of symbolic music through a computer-assisted analysis,ICMC,,,,,,,,,,,,,,,,,,,,,,,,,,,,,,,,,0.98,,,,,,,,,,,,,,,,,
"['Niccolò Pretto', ' Alessandro Russo', ' Federica Bressan', ' Valentina Burini', ' Antonio Rodà and Sergio Canazza']",Niccolò,male,Italy,2020,5,#209. Active preservation of analogue audio documents: A summary of the last seven years of digitization at CSC,ICMC,Alessandro,male,Federica,female,Valentina,female,Antonio,male,,,,,,,,,,,,,,,,,,,,,,,,,0.99,0.99,0.99,0.99,0.99,,,,,,,,,,,,,
"['Oliver Bown', ' Angelo Fraietta', ' Sam Ferguson and Deborah Turnbull Tillman']",Oliver,male,Italy,2020,3,#218. Rapid composition for a multi-device networked music platform,ICMC,Angelo,male,Sam,male,,,,,,,,,,,,,,,,,,,,,,,,,,,,,0.99,0.98,0.81,,,,,,,,,,,,,,,
"['Alexander Carôt', ' Mischa Dohler', ' Simon Saunders', ' Frank Sardis', ' Richard Cornock and Navdeep Uniyal']",Alexander,male,Italy,2020,5,#230. The world's first interactive 5G music concert: Professional quality networked music over a commodity network infrastructure,ICMC,Mischa,male,Simon,male,Frank,male,Richard,male,,,,,,,,,,,,,,,,,,,,,,,,,0.99,0.74,0.98,0.99,0.99,,,,,,,,,,,,,
['Sven-Amin Lembke'],Sven-Amin,None,Italy,2020,1,#93. Matching uni-directional auditory gestures to visual trajectories of varying curvature,ICMC,,,,,,,,,,,,,,,,,,,,,,,,,,,,,,,,,0.0,,,,,,,,,,,,,,,,,
"['Malcolm Houel', ' Abhilash Arun', ' Alfred Berg', ' Alessandro Iop', ' Adrián Barahona-Ríos and Sandra Pauletto']",Malcolm,male,Italy,2020,5,#95. Perception of emotions in knocking sounds: An evaluation study,ICMC,Abhilash,male,Alfred,male,Alessandro,male,Adrián,None,,,,,,,,,,,,,,,,,,,,,,,,,0.99,1.0,0.98,0.99,0.0,,,,,,,,,,,,,
['Rumi Hiraga and Kjetil Falkenberg'],Rumi,female,Italy,2020,1,#132. Computer-based music training with hearing impairments: Lessons from an experiment,ICMC,,,,,,,,,,,,,,,,,,,,,,,,,,,,,,,,,0.7,,,,,,,,,,,,,,,,,
"['Adrian B. Latupeirissa', ' Claudio Panariello and Roberto Bresin']",Adrian,male,Italy,2020,2,#174. Exploring emotion perception in sonic HRI,ICMC,Claudio,male,,,,,,,,,,,,,,,,,,,,,,,,,,,,,,,0.99,0.99,,,,,,,,,,,,,,,,
"['Giovanni Capizzi', ' Davide Rocchesso and Stefano Baldan']",Giovanni,male,Italy,2020,2,#60. Streams as Seams: Carving trajectories out of the time-frequency matrix,ICMC,Davide,male,,,,,,,,,,,,,,,,,,,,,,,,,,,,,,,0.99,0.99,,,,,,,,,,,,,,,,
['Adrián Barahona-Ríos and Sandra Pauletto'],Adrián,None,Italy,2020,1,#83. Synthesising knocking sound effects using conditional WaveGAN,ICMC,,,,,,,,,,,,,,,,,,,,,,,,,,,,,,,,,0.0,,,,,,,,,,,,,,,,,
['Leonardo Fierro and Vesa Välimäki'],Leonardo,male,Italy,2020,1,#133. Towards objective evaluation of audio time-scale modification methods,ICMC,,,,,,,,,,,,,,,,,,,,,,,,,,,,,,,,,0.99,,,,,,,,,,,,,,,,,
"['Emma Frid', ' Roberto Bresin', ' Simon Alexandersson ']",Emma,female,Cyprus ,2018,3,Perception of Mechanical Sounds Inherent to Expressive Gestures of a NAO Robot - p.43 Implications for Movement Sonification of Humanoids.,ICMC,Roberto,male,Simon,male,,,,,,,,,,,,,,,,,,,,,,,,,,,,,0.93,0.99,0.98,,,,,,,,,,,,,,,
"[' Joe Fitzpatrick', ' Flaithri Neff ']",Joe,male,Cyprus ,2018,2,Stream Segregation: Utilizing Harmonic Variance in Auditory Graphs,ICMC,Flaithri,None,,,,,,,,,,,,,,,,,,,,,,,,,,,,,,,0.95,0.0,,,,,,,,,,,,,,,,
"['Mitsuyo Hashida', ' Eita Nakamura', ' Haruhiro Katayose ']",Mitsuyo,female,Cyprus ,2018,3,CrestMusePEDB 2nd EDITION: MUSIC PERFORMANCE DATABASE WITH PHRASE p.60 INFORMATION.,ICMC,Eita,male,Haruhiro,male,,,,,,,,,,,,,,,,,,,,,,,,,,,,,0.98,0.73,1.0,,,,,,,,,,,,,,,
"['Zuzana Cenkerova', ' Martin Hartmann', ' Petri Toiviainen ']",Zuzana,female,Cyprus ,2018,3,Crossing Phrase Boundaries in Music. ,ICMC,Martin,male,Petri,male,,,,,,,,,,,,,,,,,,,,,,,,,,,,,0.99,0.98,0.84,,,,,,,,,,,,,,,
"['Hugo Scurto', ' Frédéric Bevilacqua', ' Baptiste Caramiaux ']",Hugo,male,Cyprus ,2018,3,Perceiving Agent Collaborative Sonic Exploration in Interactive Reinforcement p.72 Learning.,ICMC,Frédéric,male,Baptiste,male,,,,,,,,,,,,,,,,,,,,,,,,,,,,,0.99,1.0,0.99,,,,,,,,,,,,,,,
"['Federico Fontana', ' Federico Avanzini', ' Stefano Papetti ']",Federico,male,Cyprus ,2018,3,Evidence of Lateralization Cues in Grand and Upright Piano Sounds. p.80,ICMC,Federico,male,Stefano,male,,,,,,,,,,,,,,,,,,,,,,,,,,,,,0.99,0.99,0.99,,,,,,,,,,,,,,,
"['Erik Sikström', ' Michele Geronazzo', ' Jari Kleimola', ' Federico Avanzini', ' Amalia de Götzen', ' Stefania Serafin']",Erik,male,Cyprus ,2018,6,Virtual Reality Exploration with Different Head-Related Transfer Functions. p.85,ICMC,Michele,male,Jari,male,Federico,male,Amalia,female,Stefania,female,,,,,,,,,,,,,,,,,,,,,,,0.99,0.86,0.97,0.99,0.98,0.99,,,,,,,,,,,,
['Jan-Torsten Milde'],Jan-Torsten,None,Cyprus ,2018,1,A system for spacial audio using synchronized mobile devices. p.93,ICMC,,,,,,,,,,,,,,,,,,,,,,,,,,,,,,,,,0.0,,,,,,,,,,,,,,,,,
"['Xenofon Karakonstantis', ' Konstantinos Bakogiannis', ' George Cambourakis', ' Anastasia Georgaki']",Xenofon,male,Cyprus,2018,4,Time lapse video sonification; watching and listening to events unfolding.,ICMC,Konstantinos,male,George,male,Anastasia,female,,,,,,,,,,,,,,,,,,,,,,,,,,,1.0,0.99,0.98,0.98,,,,,,,,,,,,,,
"['Gareth W. Young', ' Siobhán Mannion', ' Sara Wentworth ']",Gareth,male,Cyprus ,2018,3,Evoking Places from Spaces: The application of Multimodal Narrative Techniques in the p.103 Creation of “U - Modified”.,ICMC,Siobhán,None,Sara,female,,,,,,,,,,,,,,,,,,,,,,,,,,,,,0.99,0.0,0.98,,,,,,,,,,,,,,,
"['Christine Steinmeie', ' Christine Steinmeie']",Christine,female,Cyprus ,2018,2,"Towards Creating an Augmented Handpan using Leap Motion. p.108 Christine Steinmeier, Dominic Becking",ICMC,Christine,female,,,,,,,,,,,,,,,,,,,,,,,,,,,,,,,0.99,0.99,,,,,,,,,,,,,,,,
['Nikos Stavropoulos '],Nikos,male,Cyprus ,2018,1,Inside the intimate zone: The case of aural micro-space in multichannel compositional practice.,ICMC,,,,,,,,,,,,,,,,,,,,,,,,,,,,,,,,,0.99,,,,,,,,,,,,,,,,,
"['Theofani Sklirou', ' Areti Andreopoulou', ' Anastasia Georgaki ']",Theofani,female,Cyprus ,2018,3,Teaching Programming in Secondary Education through Sound. ,ICMC,Areti,female,Anastasia,female,,,,,,,,,,,,,,,,,,,,,,,,,,,,,1.0,0.98,0.98,,,,,,,,,,,,,,,
"['Stefania Serafin', ' Sofia Dahl', ' Roberto Bresin Alexander Refsum Jensenius', ' Runar Unnthorsson', ' Vesa Valimaki ']",Stefania,female,Cyprus ,2018,5,NordicSMC: a Nordic University Hub on Sound and Music Computing. ,ICMC,Sofia,female,Roberto,male,Runar,male,Vesa,male,,,,,,,,,,,,,,,,,,,,,,,,,0.99,0.98,0.99,1.0,0.86,,,,,,,,,,,,,
"['Laurel Pardue', ' Andrew McPherson', ' Dan Overholt ']",Laurel,female,Cyprus ,2018,3,Improving the Instrumental Learning Experience through Complexity Management ,ICMC,Andrew,male,Dan,male,,,,,,,,,,,,,,,,,,,,,,,,,,,,,0.61,0.99,0.95,,,,,,,,,,,,,,,
"['Gergely Csapo', ' Jonas Holfelt ', ' Peter Bruun', ' Stefania Serafin ']",Gergely,male,Cyprus ,2018,4,Fiddl: Evaluation of a Smartphone Based Application Designed for a Music Workshop for Children.,ICMC,Jonas,male,Peter,male,Stefania,female,,,,,,,,,,,,,,,,,,,,,,,,,,,0.96,0.99,0.99,0.99,,,,,,,,,,,,,,
"['Elliot K. Canfield-Dafilou', ' Eoin Callery', ' Christopher Jette ']",Elliot,male,Cyprus ,2018,3,A Portable Impulse Response Measurement System. ,ICMC,Eoin,male,Christopher,male,,,,,,,,,,,,,,,,,,,,,,,,,,,,,0.97,0.98,0.99,,,,,,,,,,,,,,,
"['Zacharias Vamvakousis', ' Alfonso Perez Carrillo', ' Rafael Ramirez ']",Zacharias,male,Cyprus ,2018,3,Acquisition of Violin Instrumental Gestures Using an Infrared Depth. Camera. ,ICMC,Alfonso,male,Rafael,male,,,,,,,,,,,,,,,,,,,,,,,,,,,,,0.98,0.99,0.99,,,,,,,,,,,,,,,
"['Brandon Westergaard', ' Timothy Hsu ']",Brandon,male,Cyprus ,2018,2,Simulating the Acoustic Environment of Two Historical Viennese Theaters. ,ICMC,Timothy,male,,,,,,,,,,,,,,,,,,,,,,,,,,,,,,,0.99,0.99,,,,,,,,,,,,,,,,
['Thibaut Carpentier '],Thibaut,male,Cyprus ,2018,1,A new implementation of Spat in Max. ,ICMC,,,,,,,,,,,,,,,,,,,,,,,,,,,,,,,,,0.99,,,,,,,,,,,,,,,,,
"['Anastassia Andreasen', ' Jelisaveta Zovnercuka', ' Kristians Konovalovs', ' Michele Geronazzo', ' Stefania Serafin', ' Razvan Paisa ']",Anastassia,female,Cyprus ,2018,6,Navigate as a Bat. Real-Time Echolocation System in Virtual Reality. ,ICMC,Jelisaveta,female,Kristians,male,Michele,male,Stefania,female,Razvan,male,,,,,,,,,,,,,,,,,,,,,,,0.97,0.92,1.0,0.86,0.99,1.0,,,,,,,,,,,,
"['Matteo Lionello', ' Hendrik Purwins', ' Luca Pietrogrande', ' Mohamed Abou-Zleikha ']",Matteo,male,Cyprus ,2018,4,Interactive Exploration of Musical Space with Parametric t-SNE. ,ICMC,Hendrik,male,Luca,male,Mohamed,male,,,,,,,,,,,,,,,,,,,,,,,,,,,0.99,0.99,0.96,0.98,,,,,,,,,,,,,,
['Oswaldo Emiddio Vasquez Hadjilyra '],Oswaldo,male,Cyprus ,2018,1,You Are Here: Sonic Crossings and Time Indeterminacy within the Buffer Zone. ,ICMC,,,,,,,,,,,,,,,,,,,,,,,,,,,,,,,,,0.98,,,,,,,,,,,,,,,,,
"['Tomas Gajarsky', ' Hendrik Purwins ']",Tomas,male,Cyprus ,2018,2,An Xception Residual Recurrent Neural Network for Audio Event Detection and Tagging.,ICMC,Hendrik,male,,,,,,,,,,,,,,,,,,,,,,,,,,,,,,,0.99,0.99,,,,,,,,,,,,,,,,
"['Asmita Poddar', ' Eva Zangerle', ' Yi-Hsuan Yang ']",Asmita,female,Cyprus ,2018,3,#nowplaying-RS: A New Benchmark Dataset for Building Context-Aware Music Recommender Systems.,ICMC,Eva,female,Yi-Hsuan,female,,,,,,,,,,,,,,,,,,,,,,,,,,,,,0.95,0.98,0.71,,,,,,,,,,,,,,,
"['Benjamin Matuszewski', ' Frédéric Bevilacqua ']",Benjamin,male,Cyprus ,2018,2,Toward a Web of Audio Things. ,ICMC,Frédéric,male,,,,,,,,,,,,,,,,,,,,,,,,,,,,,,,0.99,1.0,,,,,,,,,,,,,,,,
"['Nick Bouris', ' Achilleas Chaldaeakes', ' Anastasia Georgaki ']",Nick,male,Cyprus ,2018,3,Analyzing and Classifying Guitarists from ,ICMC,Achilleas,male,Anastasia,female,,,,,,,,,,,,,,,,,,,,,,,,,,,,,0.98,0.99,0.98,,,,,,,,,,,,,,,
"['Furkan Yesiler', ' Baris Bozkurt', ' Xavier Serra ']",Furkan,male,Cyprus ,2018,3,Makam Recognition Using Extended Pitch Distribution Features and Multi-Layer Perceptrons.,ICMC,Baris,male,Xavier,male,,,,,,,,,,,,,,,,,,,,,,,,,,,,,0.98,0.98,0.99,,,,,,,,,,,,,,,
"['Adriano Baratè', ' Davide Andrea Mauro', ' Goffredo Haus', ' Luca Andrea Ludovico ']",Adriano,male,Cyprus ,2018,4,Formalizing Schoenberg’s Fundamentals of Musical Composition through Petri Nets. ,ICMC,Davide,male,Goffredo,male,Luca,male,,,,,,,,,,,,,,,,,,,,,,,,,,,0.99,0.99,0.96,0.96,,,,,,,,,,,,,,
"['Diemo Schwarz', ' Daniel Schindler', ' Severino Spadavecchia ']",Diemo,male,Cyprus ,2018,3,A Heuristic Algorithm for DJ Cue Point Estimation. ,ICMC,Daniel,male,Severino,male,,,,,,,,,,,,,,,,,,,,,,,,,,,,,0.94,0.99,0.98,,,,,,,,,,,,,,,
"['Eduardo Fonseca', ' Rong Gong', ' Xavier Serra ']",Eduardo,male,Cyprus ,2018,3,A Simple Fusion of Deep and Shallow Learning for Acoustic Scene Classification. ,ICMC,Rong,male,Xavier,male,,,,,,,,,,,,,,,,,,,,,,,,,,,,,0.99,0.59,0.99,,,,,,,,,,,,,,,
"['Marcelo Queiroz', ' Guilherme Jun Yoshimura ']",Marcelo,male,Cyprus ,2018,2,Relative DTW Embedding for Binary Classification of Audio Data. ,ICMC,Guilherme,male,,,,,,,,,,,,,,,,,,,,,,,,,,,,,,,0.99,0.99,,,,,,,,,,,,,,,,
"['Rameel Sethi', ' Noah Weninger', ' Abram Hindle', ' Vadim Bulitko', ' Michael Frishkopf ']",Rameel,male,Cyprus ,2018,5,Training Deep Convolutional Networks with Unlimited Synthesis of Musical Examples for Multiple Instrument Recognition.,ICMC,Noah,male,Abram,male,Vadim,male,Michael,male,,,,,,,,,,,,,,,,,,,,,,,,,1.0,0.88,0.96,1.0,0.99,,,,,,,,,,,,,
"['Jianyu Fan', ' Fred Tung', ' William Li', ' Philippe Pasquier ']",Jianyu,male,Cyprus ,2018,4,Soundscape Emotion Recognition via Deep Learning. ,ICMC,Fred,male,William,male,Philippe,male,,,,,,,,,,,,,,,,,,,,,,,,,,,0.93,0.96,0.99,0.99,,,,,,,,,,,,,,
"['Jianyu Fan', ' Miles Thorogood', ' Kıvanç Tatar', ' Philippe Pasquier ']",Jianyu,male,Cyprus ,2018,4,Quantitative Analysis of the Impact of Mixing on Perceived Emotion of Soundscape Recordings.,ICMC,Miles,male,Kıvanç,None,Philippe,male,,,,,,,,,,,,,,,,,,,,,,,,,,,0.93,0.85,0.0,0.99,,,,,,,,,,,,,,
"['Kosmas Kritsis', ' Aggelos Gkiokas', ' Quentin Lamerand', ' Robert Piéchaud', ' Carlos Acosta', ' Maximos Kaliakatsos-Papakostas', ' Vassilis Katsouros ']",Kosmas,male,Cyprus ,2018,7,Design and Interaction of 3D Virtual Music Instruments for STEAM Education Using Web Technologies.,ICMC,Aggelos,male,Quentin,male,Robert,male,Carlos,male,Maximos,male,Vassilis,male,,,,,,,,,,,,,,,,,,,,,0.99,0.99,0.99,0.99,0.99,0.96,0.99,,,,,,,,,,,
"['John Sullivan', ' Marcelo M. Wanderley ']",John,male,Cyprus ,2018,2,"Stability, Reliability, Compatibility: Reviewing 40 Years of DMI Design.",ICMC,Marcelo,male,,,,,,,,,,,,,,,,,,,,,,,,,,,,,,,0.99,0.99,,,,,,,,,,,,,,,,
"['Kurijn Buys', ' Andrew McPherson ']",Kurijn,None,Cyprus ,2018,2,Real-time Bowed String Feature Extraction for Performance Applications. ,ICMC,Andrew,male,,,,,,,,,,,,,,,,,,,,,,,,,,,,,,,0.0,0.99,,,,,,,,,,,,,,,,
"['Eduardo Miranda', ' Hedy Hurban', ' Edward Braund ']",Eduardo,male,Cyprus ,2018,3,Dervish Sound Dress; a Development of a Musical Interface Garment which explores Wearable Technology using Sound and Haptic Feedback for Performance and Interaction.,ICMC,Hedy,female,Edward,male,,,,,,,,,,,,,,,,,,,,,,,,,,,,,0.99,0.5,0.99,,,,,,,,,,,,,,,
"['Kosmas Kritsis', ' Aggelos Gkiokas', ' Maximos Kaliakatsos-Papakostas', ' Vassilis Katsouros', ' Aggelos Pikrakis ']",Kosmas,male,Cyprus ,2018,5,Deployment of LSTMs for Real-Time Hand Gesture Interaction of 3D Virtual Music Instruments with a Leap Motion Sensor.,ICMC,Aggelos,male,Maximos,male,Vassilis,male,Aggelos,male,,,,,,,,,,,,,,,,,,,,,,,,,0.99,0.99,0.96,0.99,0.99,,,,,,,,,,,,,
"['Ohejl Zabetian ', ' Pablo Delgado', ' Sofia Dahl', ' Stefania Serafin ']",Ohejl,None,Cyprus ,2018,4,An Expressive Multidimensional Physical Modelling Percussion Instrument. ,ICMC,Pablo,male,Sofia,female,Stefania,female,,,,,,,,,,,,,,,,,,,,,,,,,,,0.0,0.99,0.98,0.99,,,,,,,,,,,,,,
"['Matteo Lionello', ' Rafael Ramirez ']",Matteo,male,Cyprus ,2018,2,A Machine Learning Approach to Violin Vibrato Modelling in Audio Performances and a Didactic Application for Mobile Devices.,ICMC,Rafael,male,,,,,,,,,,,,,,,,,,,,,,,,,,,,,,,0.99,0.99,,,,,,,,,,,,,,,,
"['Nicolas Figueiredo', ' Felipe Felix', ' Carolina Brum Medeiros', ' Marcelo Queiroz ']",Nicolas,male,Cyprus ,2018,4,A comparative study on filtering and classification of bird songs. ,ICMC,Felipe,male,Carolina,female,Marcelo,male,,,,,,,,,,,,,,,,,,,,,,,,,,,0.99,0.98,0.98,0.99,,,,,,,,,,,,,,
"['Furkan Yesiler', ' Rafael Ramirez ']",Furkan,male,Cyprus ,2018,2,A Machine Learning Approach to Classification of Phonation Modes in Singing. ,ICMC,Rafael,male,,,,,,,,,,,,,,,,,,,,,,,,,,,,,,,0.98,0.99,,,,,,,,,,,,,,,,
"['Ke Ma', ' Tian Xia ']",Ke,male,Cyprus ,2018,2,AI Encountering Interactive Systems: A Deep Learning Reinforced Musical Composition Model. ,ICMC,Tian,male,,,,,,,,,,,,,,,,,,,,,,,,,,,,,,,0.8,0.71,,,,,,,,,,,,,,,,
"['Carlos Guedes', ' Konstantinos Trochidis', ' Akshay Anantapadmanabhan ']",Carlos,male,Cyprus ,2018,3,Modeling Carnatic Rhythm Generation: a Data Driven Approach Based on Rhythmic Analysis.,ICMC,Konstantinos,male,Akshay,male,,,,,,,,,,,,,,,,,,,,,,,,,,,,,0.99,0.99,1.0,,,,,,,,,,,,,,,
"['Tychonas Michailidis', ' Jason Hockman ']",Tychonas,None,Cyprus ,2018,2,Affordances of Vibrational Excitation for Music Composition and Performance. ,ICMC,Jason,male,,,,,,,,,,,,,,,,,,,,,,,,,,,,,,,0.0,0.99,,,,,,,,,,,,,,,,
"['George Petras', ' Panagiotis Tsagkarakis', ' Anastasia Georgaki ']",George,male,Cyprus ,2018,3,Approaches and Assessment of Drama Prosodic Tools in Live Performance. ,ICMC,Panagiotis,male,Anastasia,female,,,,,,,,,,,,,,,,,,,,,,,,,,,,,0.98,0.99,0.98,,,,,,,,,,,,,,,
"['Niccolò Pretto', ' Barıs Bozkurt', ' Rafael Caro Repetto', ' Xavier Serra ']",Niccolò,male,Cyprus ,2018,4,Nawba Recognition for Arab-andalusian Music Using Templates From Music Scores. ,ICMC,Barıs,None,Rafael,male,Xavier,male,,,,,,,,,,,,,,,,,,,,,,,,,,,0.99,0.0,0.99,0.99,,,,,,,,,,,,,,
"['Stefania Serafin', ' Romain Michon', ' Smilen Dimitrov ']",Stefania,female,Cyprus ,2018,3,Blender2faust: from drawn 3d objects to physically based sound models.,ICMC,Romain,male,Smilen,male,,,,,,,,,,,,,,,,,,,,,,,,,,,,,0.99,0.99,1.0,,,,,,,,,,,,,,,
"['Christos Garoufis', ' Athanasia Zlatintsi', ' Petros Maragos ']",Christos,male,Cyprus ,2018,3,A Collaborative System for Composing Music via Motion Using a Kinect Sensor and Skeletal Data.,ICMC,Athanasia,female,Petros,male,,,,,,,,,,,,,,,,,,,,,,,,,,,,,0.99,0.99,0.99,,,,,,,,,,,,,,,
['Bjarni Gunnarsson '],Bjarni,male,Cyprus ,2018,1,Block-based Scheduling Through Interrupts And Intervention. ,ICMC,,,,,,,,,,,,,,,,,,,,,,,,,,,,,,,,,0.99,,,,,,,,,,,,,,,,,
"['Nikolaj Møller', ' Dan Overholt', ' Vanessa Carpenter', ' Antonio Stella', ' Baldur Kampmann', ' Martin Minovski', ' Martin Maunsbach ']",Nikolaj,male,Cyprus ,2018,7,SketchyTuna: Exploring A Design For Screenless Creativity. ,ICMC,Dan,male,Vanessa,female,Antonio,male,Baldur,male,Martin,male,Martin,male,,,,,,,,,,,,,,,,,,,,,0.99,0.95,0.98,0.99,0.99,0.98,0.98,,,,,,,,,,,
"['Andrea Passalenti', ' Federico Fontana ']",Andrea,male,Cyprus ,2018,2,Haptic Interaction with Guitar and Bass Virtual Strings. ,ICMC,Federico,male,,,,,,,,,,,,,,,,,,,,,,,,,,,,,,,0.62,0.99,,,,,,,,,,,,,,,,
['Rodolphe Bourotte '],Rodolphe,male,Cyprus ,2018,1,UPISketch : The Renewal of an Old Idea. ,ICMC,,,,,,,,,,,,,,,,,,,,,,,,,,,,,,,,,0.99,,,,,,,,,,,,,,,,,
['Martin Neukom '],Martin,male,Cyprus ,2018,1,Frequency Control of Nonlinear Oscillators – Strategies for Realtime Sound Synthesis. ,ICMC,,,,,,,,,,,,,,,,,,,,,,,,,,,,,,,,,0.98,,,,,,,,,,,,,,,,,
"['Fabián Esqueda', ' Otso Lähdeoja', ' Vesa Valimaki ']",Fabián,None,Cyprus ,2018,3,Algorithms for Guitar-Driven Synthesis: Application to an Augmented Guitar. ,ICMC,Otso,male,Vesa,male,,,,,,,,,,,,,,,,,,,,,,,,,,,,,0.0,0.98,0.86,,,,,,,,,,,,,,,
"['Vesa Norilo', ' Roger Dannenberg ']",Vesa,male,Cyprus ,2018,2,Ko2 - Distributed Music Systems With O2 and Kronos.,ICMC,Roger,male,,,,,,,,,,,,,,,,,,,,,,,,,,,,,,,0.86,0.98,,,,,,,,,,,,,,,,
['Simon Blackmore '],Simon,male,Cyprus ,2018,1,Data Transmission as Musical Performance. ,ICMC,,,,,,,,,,,,,,,,,,,,,,,,,,,,,,,,,0.98,,,,,,,,,,,,,,,,,
"['Masatoshi Hamanaka', ' Keiji Hirata', ' Satoshi Tojo ']",Masatoshi,male,Cyprus ,2018,3,GTTM Database and Manual Time-span Tree Generation Tool. ,ICMC,Keiji,male,Satoshi,male,,,,,,,,,,,,,,,,,,,,,,,,,,,,,1.0,0.99,1.0,,,,,,,,,,,,,,,
"['Hiromi Nakamura', ' Tomoyasu Nakano', ' Satoru Fukayama', ' Masataka Goto ']",Hiromi,female,Cyprus ,2018,4,CTcomposer: A Music Composition Interface Considering Intra-Composer Consistency and Musical Typicality.,ICMC,Tomoyasu,male,Satoru,male,Masataka,male,,,,,,,,,,,,,,,,,,,,,,,,,,,0.85,1.0,0.99,1.0,,,,,,,,,,,,,,
['Israel Neuman '],Israel,male,Cyprus ,2018,1,Mapping Pitch Classes And Sound Objects: A Bridge Between Klumpenhouwer Networks And Schaeffer’s TARTYP.,ICMC,,,,,,,,,,,,,,,,,,,,,,,,,,,,,,,,,0.98,,,,,,,,,,,,,,,,,
['Hiroki Nishino '],Hiroki,male,Cyprus ,2018,1,Unit-generator Graph as a Generator of Lazily Evaluated Audio-vector Trees. ,ICMC,,,,,,,,,,,,,,,,,,,,,,,,,,,,,,,,,1.0,,,,,,,,,,,,,,,,,
"['Ioannis Zannos', ' Martin Carlé ']",Ioannis,male,Cyprus ,2018,2,Metric Interweaving in Networked Dance and Music Performance. ,ICMC,Martin,male,,,,,,,,,,,,,,,,,,,,,,,,,,,,,,,0.99,0.98,,,,,,,,,,,,,,,,
"['Doga Buse Cavdir', ' Romain Michon', ' Ge Wang ']",Doga,female,Cyprus ,2018,3,The BodyHarp: Designing the Intersection Between the Instrument and the Body. ,ICMC,Romain,male,Ge,male,,,,,,,,,,,,,,,,,,,,,,,,,,,,,0.54,0.99,0.68,,,,,,,,,,,,,,,
['Marcelo Gimenes '],Marcelo,male,Cyprus ,2018,1,Sonic Crossings with Audience Participation: The Embodied iSound Performance. ,ICMC,,,,,,,,,,,,,,,,,,,,,,,,,,,,,,,,,0.99,,,,,,,,,,,,,,,,,
"['Mina Shiraishi', ' Kozue Ogasawara', ' Tetsuro Kitahara ']",Mina,female,Cyprus ,2018,3,HamoKara: A System for Practice of Backing Vocals for Karaoke. ,ICMC,Kozue,female,Tetsuro,male,,,,,,,,,,,,,,,,,,,,,,,,,,,,,0.91,0.99,1.0,,,,,,,,,,,,,,,
"['Romain Michon', ' John Granzow ']",Romain,male,Cyprus ,2018,2,3D Printing and Physical Modeling of Musical Instruments: Casting the Net.,ICMC,John,male,,,,,,,,,,,,,,,,,,,,,,,,,,,,,,,0.99,0.99,,,,,,,,,,,,,,,,
"['Thilo Koch', ' Marcelo Queiroz ']",Thilo,male,Cyprus ,2018,2,Towards Flexible Audio Processing. ,ICMC,Marcelo,male,,,,,,,,,,,,,,,,,,,,,,,,,,,,,,,0.98,0.99,,,,,,,,,,,,,,,,
"['Sérgio Freire', ' Augusto Armondes', ' João Viana', ' Rubens Silva ']",Sérgio,None,Cyprus ,2018,4,"Strumming on an Acoustic Nylon Guitar: Microtiming, Beat Control and Rhythmic Expression in Three Different Accompaniment Patterns.",ICMC,Augusto,male,João,male,Rubens,male,,,,,,,,,,,,,,,,,,,,,,,,,,,0.0,0.99,0.99,0.98,,,,,,,,,,,,,,
