Yuezhang,An Online Interactive Course on Computer Music,"['Dannenberg, Roger B.', ' Stiles, Jesse', ' Li, Yuezhang', ' Zhang, Qiao']"
Vanissa,Audio Collage as an Instrument for Musical Expression: Combining Freehand and Tangible Controllers,"['Law, Vanissa', ' Paine, Garth']"
Chuck-jee,The Effects of Early-Release on Emotion Characteristics and Timbre in Non-Sustaining Musical Instrument Tones,"['Chau, Chuck-jee', ' Wu, Bin', ' Horner, Andrew']"
Jaesong,Studio Report 2015: New York University (NYU) Music Technology Program,"['You, Jaesong', ' Telichan, Andrew', ' Musick, Michael', ' Hong Park, Tae']"
McGregor,Peabody Computer Music: 46 Years of Looking to the Future,"['Wright,  Geoffrey', ' Boyle,  McGregor', ' Armenta, Joshua', ' Woodward, Ryan', ' Xia, Sunhuimei']"
Sunhuimei,Peabody Computer Music: 46 Years of Looking to the Future,"['Wright,  Geoffrey', ' Boyle,  McGregor', ' Armenta, Joshua', ' Woodward, Ryan', ' Xia, Sunhuimei']"
Jaeseong,Developing a Socio-Historical Model for Electro-Acoustic Music Analysis: The Challenge from an Adornian Perspective,"['You, Jaeseong', ' Telichan, Andrew', ' Hong Park, Tae']"
Kyungho,Exploratory Analysis on Expressions in Two Different 4/4 Beat Patterns,"['Lee, Kyungho', ' J. Junokas, Michael', ' Amanzadeh, Mohammad', ' E. Garnett, Guy']"
Dekai,Neural Versus Symbolic Rap Battle Bots,"['Wu, Dekai', ' Addanki, Karteek']"
Genki,iSuperColliderKit: A Toolkit for iOS Using an Internal SuperCollider Server as a Sound Engine,"['Ito, Akinori', ' Watanabe, Kengo', ' Kuroda, Genki', ' Ito, Ken\xe2\x80\x99ichiro']"
Ken’ichiro,iSuperColliderKit: A Toolkit for iOS Using an Internal SuperCollider Server as a Sound Engine,"['Ito, Akinori', ' Watanabe, Kengo', ' Kuroda, Genki', ' Ito, Ken\xe2\x80\x99ichiro']"
Chuck-jee,The Effects of Pitch and Dynamics on the Emotional Characteristics of Piano Sounds,"['Chau, Chuck-jee', ' Horner, Andrew']"
Da-Lei,Mirror Mind: New Possibilities for Overall Interactive Design in New Music-Media Theatre,"['Qin, Yi', ' Fang, Da-Lei', ' Xu, Zhi-Bo', ' Da, Yan']"
Zhi-Bo,Mirror Mind: New Possibilities for Overall Interactive Design in New Music-Media Theatre,"['Qin, Yi', ' Fang, Da-Lei', ' Xu, Zhi-Bo', ' Da, Yan']"
Francho,Computer Game Piece: Exploring Video Games as Means for Controlled Improvisation,"['Jackowski, Dariusz', ' Melendez, Francho', ' Bauer, Andrzej', ' Hendrich, Pawe\xc5\x82', ' Duchnowski, Cezary']"
Éric,cage: a high-level library for real-time computer-aided composition,"['Agostini, Andrea', ' Daubresse, \xc3\x89ric', ' Ghisi, Daniele']"
Keunhyoung,Griddy: a Drawing Based Music Composition System with Multi-layered Structure,"['Kim, Keunhyoung Luke', ' Seung Yeo, Woon']"
Goffredo,Real-time Music Composition through P-timed Petri Nets,"['Barat\xc3\xa8, Adriano', ' Haus, Goffredo', ' Ludovico, Luca A.']"
Kelland,Translation as Technique: Collaboratively Creating an Electro-Acoustic Composition for Saxophone and Live Video Projection,"['Jette, Christopher', ' Thomas, Kelland', ' Villegas, Javier', ' Graeme Forbes, Angus']"
Jaeseong,Citygram One: One Year Later …,"['Park, Tae Hong', ' Musick, Michael', ' Turner, John', ' Mydlarz, Charlie', ' Lee, Jun Hee', ' You, Jaeseong', ' DuBois, Luke']"
Maurício,Influence of Expressive Coupling in Ensemble Performance on Musicians’ Body Movement,"['Mota, Davi', ' Loureiro, Maur\xc3\xadcio', ' Laboissi\xc3\xa8re, Rafael']"
Jun-qi,ArmKeyBoard: A Mobile Keyboard Instrument Based on Chord-scale System and Tonal Hierarchy,"['Deng, Jun-qi', ' Chi Moon Lau, Francis', ' Kwok, Yu-kwong']"
Yu-kwong,ArmKeyBoard: A Mobile Keyboard Instrument Based on Chord-scale System and Tonal Hierarchy,"['Deng, Jun-qi', ' Chi Moon Lau, Francis', ' Kwok, Yu-kwong']"
Tzu-En,Building a Gamelan from Bricks,"['NGIAO, Tzu-En']"
Leontios,Conceptual Blending in Biomusic Composition Space: The “Brainswarm” Paradigm,"['Hadjileontiadis, Leontios J.']"
Hidefumi,Creating a Place as a Medium for Musical Communication Using Multiple Electroencephalography,"['Hamano, Takayuki', ' Ohmura, Hidefumi', ' Nakagawa, Ryu', ' Terasawa, Hiroko', ' Hoshi-Shiba, Reiko', ' Okanoya, Kazuo', ' Furukawa, Kiyoshi']"
Lamtharn,"Implementations of the Leap Motion in sound synthesis, effects modulation and assistive performance tools","['Hantrakul, Lamtharn', ' Kaczmarek, Konrad']"
Linmi,Infrared vs. Ultrasonic Finger Detection on a Virtual Piano Keyboard,"['De Pra, Yuri', ' Fontana, Federico', ' Tao, Linmi']"
Yuan-Yi,Organic Oscillator: Experiments using Natural Oscillation Sources from Audiences,"['Fan, Yuan-Yi']"
Ludger,Introducing the Zirkonium MK2 System for Spatial Composition,"['Wagner, David', ' Br\xc3\xbcmmer, Ludger', ' Dipper, G\xc3\xb6tz', ' Otto, Jochen Arne']"
Gerriet,Orchestrating wall reflections in space by icosahedral loudspeaker: findings from first artistic research exploration,"['Sharma, Gerriet K.', ' Zotter, Franz', ' Frank, Matthias']"
Chikashi,The SpatDIF library – Concepts and Practical Applications in Audio Software,"['Schacher, Jan C.', ' Miyama, Chikashi', ' Lossius, Trond']"
Gavriil,Optimal Acoustic Reverberation Evaluation of Byzantine Chanting in Churches,"['Mourjopoulos, John', ' Papadakos, Charalambos', ' Kamaris, Gavriil', ' Chryssochoidis, Georgios', ' Kouroupetoglou, Georgios']"
Li-Fan,Resolving Octave Ambiguities: A Cross-dataset Investigation,"['Su, Li', ' Yu, Li-Fan', ' Yang, Yi-Hsuan', ' Lai, Hsin-Yu']"
Hsin-Yu,Resolving Octave Ambiguities: A Cross-dataset Investigation,"['Su, Li', ' Yu, Li-Fan', ' Yang, Yi-Hsuan', ' Lai, Hsin-Yu']"
Chuck-jee,"Timbre Features and Music Emotion in Plucked String, Mallet Percussion, and Keyboard Tones","['Chau, Chuck-jee', ' Wu, Bin', ' Horner, Andrew']"
Gopala,Corpora for Music Information Research in Indian Art Music,"['Srinivasamurthy, Ajay', ' Krishna Koduri, Gopala', ' Gulati, Sankalp', ' Ishwar, Vignesh', ' Serra, Xavier']"
Diemo,Fine-tuned Control of Concatenative Synthesis with CATART Using the BACH Library for MAX,"['Einbond, Aaron', ' Trapani, Christopher', ' Agostini, Andrea', ' Ghisi, Daniele', ' Schwarz, Diemo']"
Hélianthe,Modulus p Rhythmic Tiling Canons and some implementations in Open Music visual programming language,"['Caure, H\xc3\xa9lianthe', ' Agon, Carlos', ' Andreatta, Moreno']"
Germán,Spatialization Symbolic Music Notation at ICST,"['Ellberger, Emile', ' Toro Perez, Germ\xc3\xa1n', ' Schuett, Johannes', ' Zoia, Giorgio', ' Cavaliero, Linda']"
Nobutaka,"Merged-Output Hidden Markov Model for Score Following of MIDI Performance with Ornaments, Desynchronized Voices, Repeats and Skips","['Nakamura, Eita', ' Ono, Nobutaka', ' Saito, Yasuyuki', ' Sagayama, Shigeki']"
Kouhei,METHOD TO DETECT GTTM LOCAL GROUPING BOUNDARIES BASED ON CLUSTERING AND STATISTICAL LEARNING,"['Kanamori, Kouhei', ' Hamanaka, Masatoshi', ' Hoshino, Junichi']"
Jaeseong,Towards Soundscape Information Retrieval (SIR),"['Park, Tae Hong', ' Lee, Jun Hee', ' You, Jaeseong', ' Yoo, Min-Joon', ' Turner, John']"
Min-Joon,Towards Soundscape Information Retrieval (SIR),"['Park, Tae Hong', ' Lee, Jun Hee', ' You, Jaeseong', ' Yoo, Min-Joon', ' Turner, John']"
Ilge,Machine Improvisation with Formal Specifications,"['Donz\xc3\xa9, Alexandre', ' Valle, Rafael', ' Akkaya, Ilge', ' Libkind, Sophie', ' Seshia, Sanjit A.', ' Wessel, David']"
Chih-Fang,A Research of Automatic Composition and Singing Voice Synthesis System for Taiwanese Popular Songs,"['Huang, Chih-Fang', ' Hong, Wei-Gang', ' Li, Min\xe2\x80\x93Hsuan']"
Wei-Gang,A Research of Automatic Composition and Singing Voice Synthesis System for Taiwanese Popular Songs,"['Huang, Chih-Fang', ' Hong, Wei-Gang', ' Li, Min\xe2\x80\x93Hsuan']"
Min–Hsuan,A Research of Automatic Composition and Singing Voice Synthesis System for Taiwanese Popular Songs,"['Huang, Chih-Fang', ' Hong, Wei-Gang', ' Li, Min\xe2\x80\x93Hsuan']"
Cheng-i,Toward Real-Time Estimation of Tonehole Configuration,"['Smyth, Tamara', ' Wang, Cheng-i']"
Goffredo,Visualization and manipulation of stereophonic audio signals by means of IID and IPD,"['Presti, Giorgio', ' Haus, Goffredo', ' Mauro, Davide A.']"
Naotoshi,LC: A New Computer Music Programming Language with Three Core Features,"['NISHINO, Hiroki', ' OSAKA, Naotoshi', ' NAKATSU, Ryohei']"
Jan-Torsten,Using natural language to specify sound parameters,"['Milde, Jan-Torsten']"
Carmine-Emanuele,Vuza: a functional language for creative applications,"['Cella, Carmine-Emanuele']"
Sarah-Indriyati,"3DMIN — Challenges and Interventions in Design, Development and Dissemination of New Musical Instruments","['Bovermann, Till', ' Hinrichsen, Amelie', ' Hildebrand Marques Lopes, Dominik', ' de Campo, Alberto', ' Egermann, Hauke', ' Foerstel, Alexander', ' Hardjowirogo, Sarah-Indriyati', ' Pysiewicz, Andreas', ' Weinzierl, Stefan']"
Kiyomitsu,"Data Auditorio: Towards Intense Interaction, an Interactive Hyper-Directional Sound for Play and Ubiquity","['Misawa, Daichi', ' Odai, Kiyomitsu']"
Damián,Ecologically grounded multimodal design: The Palafito 1.0 study,"['Keller, Dami\xc3\xa1n', ' Timoney, Joseph', ' Constalonga, Leandro L.', ' Capasso, Ariadna', ' Tinajero, Patricia', ' Lazzarini, Victor', ' Soares Pimenta, Marcelo', ' de Lima, Maria Helena', ' Johann, Marcelo']"
Hamzeen,Implementation and Evaluation of Real-Time Interactive User Interface Design in Self-learning Singing Pitch Training Apps,"['Lin, Kin Wah Edward', ' Anderson, Hans', ' Hamzeen, Hamzeen', ' Lui, Simon']"
Berardina,Recommending Music to Groups in Fitness Classes,"['De Carolis, Berardina', ' Ferilli, Stefano', ' Orio, Nicola']"
Yoshinari,A PIANO LEARNING SUPPORT SYSTEM CONSIDERING MOTIVATION,"['Fukuya, Yuto', ' Takegawa, Yoshinari', ' Yanagi, Hidekatsu']"
Hidekatsu,A PIANO LEARNING SUPPORT SYSTEM CONSIDERING MOTIVATION,"['Fukuya, Yuto', ' Takegawa, Yoshinari', ' Yanagi, Hidekatsu']"
Zeyu,FORMAL SEMANTICS FOR MUSIC NOTATION CONTROL FLOW,"['Jin, Zeyu', ' Dannenberg, Roger']"
Naotoshi,LC : A STRONGLY-TIMED PROTOTYPE-BASED PROGRAMMING LANGUAGE FOR COMPUTER MUSIC,"['NISHINO, Hiroki', ' OSAKA, Naotoshi', ' NAKATSU, Ryohei']"
Naotoshi,UNIT-GENERATORS CONSIDERED HARMFUL (FOR MICROSOUND SYNTHESIS): A NOVEL PROGRAMMING MODEL FOR MICROSOUND SYNTHESIS IN LCSYNTH,"['NISHINO, Hiroki', ' OSAKA, Naotoshi', ' NAKATSU, Ryohei']"
Jingyin,LOCATIVE SONIFICATION: PLAYING THE WORLD THROUGH CITYGRAM,"['Park, Tae Hong', ' Turner, Johnathan', ' Jacoby, Christopher', ' Marse, Alex', ' Musick, Michael', ' Kapur, Ajay', ' He, Jingyin']"
Se-Lien,ENHANCED PHENOTYPE,"['Weixler, Andreas', ' Chuang, Se-Lien']"
Tsung-Ching,GLASS TUBE GAMELAN DESIGN FOR PREPARATION ON INSTALLATION ART APPLICATIONS,"['Liu, Tsung-Ching', ' Yang, Cheng-Han', ' Yan, Bing-Shr']"
Bing-Shr,GLASS TUBE GAMELAN DESIGN FOR PREPARATION ON INSTALLATION ART APPLICATIONS,"['Liu, Tsung-Ching', ' Yang, Cheng-Han', ' Yan, Bing-Shr']"
Zeyu,FORMAL SEMANTICS FOR MUSIC NOTATION CONTROL FLOW,"['Jin, Zeyu', ' Dannenberg, Roger']"
Sever,COMPOSING WITH SIEVES: STRUCTURE AND INDETERMINACY IN-TIME.,"['Tipei, Sever']"
Lonce,"SONICBARD – STORYTELLING WITH REAL-TIME SOUND CONTROL, SYNTHESIS AND PROCESSING USING EMERGING BROWSER-BASED TECHNOLOGIES","['Wyse, Lonce', ' Shinghal, Pallav']"
Unknown,A BRIDGE FROM NOWHERE (8’44’’),"['Unknown, Unknown']"
Ping-Jui,Light Sensor Piano,"['Huang, Ping-Jui', ' Tseng, Yu-Chung']"
Yu-Chung,Light Sensor Piano,"['Huang, Ping-Jui', ' Tseng, Yu-Chung']"
Bongjun,PROBABILISTIC PREDICTION OF RHYTHMIC CHARACTERISTICS IN MARKOV CHAIN-BASED MELODIC SEQUENCES,"['Kim, Bongjun', ' Yeo, Woon Seung']"
Naotoshi,CONSTRUCTION OF AN ELECTRONIC TIMBRE DICTIONARY IN C++ FOR MULTIPLE PLATFORMS,"['Osaka, Naotoshi', ' Tsuda, Hiromichi', ' Yamada, Yoshitada']"
Yoshitada,CONSTRUCTION OF AN ELECTRONIC TIMBRE DICTIONARY IN C++ FOR MULTIPLE PLATFORMS,"['Osaka, Naotoshi', ' Tsuda, Hiromichi', ' Yamada, Yoshitada']"
Takyuto,"DIPS5 FOR MAX: Digital Image Processing with Sound, version 5","['Rai, Takayuki', ' Matsuda, Shu', ' Morimoto, Yota', ' Takahashi, Keitaro', ' Fukuda, Takyuto']"
Naotoshi,A FORMAL EVALUATION FRAMEWORK FOR SOUND MORPHING,"['Caetano, Marcelo', ' Osaka, Naotoshi']"
Naotoshi,TIME/PITCH MODIFICATION USING NARROWBAND AM-FM SIGNALS,"['Osaka, Naotoshi', ' Mita, Atsushi']"
Lonce,FOUNDATIONS OF INTERACTIVE SOUND DESIGN FOR TRADITIONAL STORYTELLING,"['Wyse, Lonce', ' Subramanian, Srikumar']"
Yoshinari,A SYSTEM FOR MEMORIZING SONGS BY PRESENTING MUSICAL STRUCTURES BASED ON PHRASE SIMILARITY,"['Ito, Yuma', ' Takegawa, Yoshinari', ' Terada, Tsutomu', ' Tsukamoto, Masahiko']"
Sangbong,"CENTER FOR COMPUTER MUSIC AT THE COLLEGE-CONSERVATORY OF MUSIC, UNIVERSITY OF CINCINNATI","['Helmuth, Mara', ' Matthys, Joel', ' Schuette, Paul', ' Nam, Sangbong', ' Martinson, Benny']"
Meinard,PROBADO MUSIC: A MULTIMODAL ONLINE MUSIC LIBRARY,"['Thomas, Verena', ' Damm, David', ' Fremerey, Christian', ' Clausen, Michael', ' Kurth, Frank', ' Mu\xcc\x88ller, Meinard']"
Yoshinari,A PIANO LEARNING SUPPORT SYSTEM CONSIDERING RHYTHM,"['Takegawa, Yoshinari', ' Terada, Tsutomu', ' Tsukamoto, Masahiko']"
Dalei,REAL-TIME AUDIO SYNTHESIS IN A WIRELESS INTERACTIVE SENSOR PLATFORM,"['Fang, Dalei', ' Qin, Yi', ' Chen, Qiangbin', ' Lu, Jialiang']"
Qiangbin,REAL-TIME AUDIO SYNTHESIS IN A WIRELESS INTERACTIVE SENSOR PLATFORM,"['Fang, Dalei', ' Qin, Yi', ' Chen, Qiangbin', ' Lu, Jialiang']"
Jialiang,REAL-TIME AUDIO SYNTHESIS IN A WIRELESS INTERACTIVE SENSOR PLATFORM,"['Fang, Dalei', ' Qin, Yi', ' Chen, Qiangbin', ' Lu, Jialiang']"
Lonce,ADAPTING GENERAL PURPOSE INTERFACES TO SYNTHESIS ENGINES USING UNSUPERVISED DIMENSIONALITY REDUCTION TECHNIQUES AND INVERSE MAPPING FROM FEATURES TO PARAMETERS,"['Fasciani, Stefano', ' Wyse, Lonce']"
Kun-Ting,SURRSOUND,"['Tsai, Kun-Ting', ' Liu, Che-Wei', ' Tseng, Yu-Chung']"
Che-Wei,SURRSOUND,"['Tsai, Kun-Ting', ' Liu, Che-Wei', ' Tseng, Yu-Chung']"
Yu-Chung,SURRSOUND,"['Tsai, Kun-Ting', ' Liu, Che-Wei', ' Tseng, Yu-Chung']"
Kiyomitsu,ITERATIVE SYNAESTHETIC COMPOSING WITH MULTIMEDIA SIGNALS,"['Forbes, Angus', ' Odai, Kiyomitsu']"
Diemo,PRECISE PITCH CONTROL IN REAL TIME CORPUS-BASED CONCATENATIVE SYNTHESIS,"['Einbond, Aaron', ' Trapani, Christopher', ' Schwarz, Diemo']"
Diemo,NAVIGATING VARIATION: COMPOSING FOR AUDIO MOSAICING,"['Schwarz, Diemo', ' Hackbarth, Benjamin']"
PerMagnus,Multi-dimensional spatial sound design for 'On the String',"['Lindborg, PerMagnus', ' Beetuan Koh, Joyce']"
Mingfei,"CYCLIC-N, a real-time mobile multi-touch application for composition, improvisation and education","['Gao, Mingfei Mike']"
Meinard,A Multi-perspective user interface for music signal analysis,"['M\xc3\xbcller, Meinard', ' Konz, Verena', ' Jiang, Nanzhu', ' Zuo, Zhe']"
Nanzhu,A Multi-perspective user interface for music signal analysis,"['M\xc3\xbcller, Meinard', ' Konz, Verena', ' Jiang, Nanzhu', ' Zuo, Zhe']"
Masathoshi,Constructing Music Applications for Smartphones,"['Hamanaka, Masathoshi', ' Yoshiya, Mikito', ' Yoshida, Shyuhei']"
Mikito,Constructing Music Applications for Smartphones,"['Hamanaka, Masathoshi', ' Yoshiya, Mikito', ' Yoshida, Shyuhei']"
Shyuhei,Constructing Music Applications for Smartphones,"['Hamanaka, Masathoshi', ' Yoshiya, Mikito', ' Yoshida, Shyuhei']"
Diemo,Sound Level of Detail in Interactive Audiographic 3D Scenes,"['Schwarz, Diemo', ' Cahen, Roland', ' Brument, Fran\xc3\xa7ois', ' Ding, Hui', ' Jacquemin, Christian']"
Lonce,Representing and Automating Rhythmic Pattern Transformations,"['Wyse, Lonce', ' Tan, Keith', ' Kellock, Peter']"
Yoshinari,Design and Implementation of a Piano Practice Support System using a Real-Time Fingering Recognition Technique,"['Takegawa, Yoshinari', ' Tsukamoto, Masahiko', ' Terada, Tsutomu']"
Lonce,Modeling Speed Doubling in Carnatic Music,"['Subramanian, Srikumar K.', ' Wyse, Lonce', ' McGee, Kevin']"
Sonmez,Gesture Analysis of radiodrum data,"['Ness, Steven R.', ' Methabi, Sonmez', ' Odowichuk, Gabrielle', ' Tzanetakis, George', ' Schloss, Andrew W.']"
Tychonas,Tactile Feedback Tool: approaching the foot pedal problem in live electronic music,"['Michailidis, Tychonas', ' Berweck, Sebastian']"
Seunghung,Composition With Path : Musical Sonification Of Geo- Referenced Data With Online Map Interface,"['Park, Si Hwa', ' Kim, Seunghung', ' Lee, Samuel']"
Diemo,Spatializing Timbre With Corpus-Based Concatenative Synthesis,"['Einbond, Aaron', ' Schwarz, Diemo']"
Diemo,A Modular Sound Descriptor Analysis Framework For Relaxed-Real-Time Applications,"['Schwarz, Diemo', ' Schnell, Norbert']"
Diemo,"Grainstick: A Collaborative, Interactive Sound Installation","['Leslie, Grace', ' Schwarz, Diemo', ' Warusfel, Olivier', ' Bevilacqua, Frederic', ' Zambolin, Bruno', ' Jodlowski, Pierre', ' Schnell, Norbert']"
MR,Toward Understanding Human-Computer Interaction In Composing The Instrument,"['Fiebrink, Rebecca', ' Trueman, Daniel', ' Britt, Cameron', ' Nagai, Michelle', ' Kaczmarek, Konrad', ' Early, Michael', ' Daniel, MR', ' Hege, Anne', ' Cook, Perry']"
Talmai,"Wireless Sensor Networks And Computer Music, Dance And Installation Implementations","['Helmuth, Mara', ' Hyun Jun, Jung', ' Oliveira, Talmai', ' Mostafa, Ahmad', ' Shiota, Kazuaki', ' Mishra, Amitabh', ' Agrawal, Dharma']"
López,Technological Advantage For The Sound Arts: Border Politics,"['Ignacio, Jos\xc3\xa9', ' Ramirez-Gast\xc3\xb3n, L\xc3\xb3pez']"
Damián,Anchoring In Ubiquitous Musical Activities,"['Keller, Dami\xc3\xa1n', ' Barreiro, Daniel Luis', ' Queiroz, Marcelo', ' Pimenta, Marcelo Soares']"
Juan-Pablo,Automatically Generating Syntactically Correct Audio Effects In Max,"['Glennon, Aron', ' Rowe, Robert', ' Bello, Juan-Pablo']"
Chryssie,An Unconference Unsession On Computer Music Performance,"['Baguyos, Jeremy C', ' Nanou, Chryssie', ' Wetzel, David', ' Boyle, Mcgregor']"
Mcgregor,An Unconference Unsession On Computer Music Performance,"['Baguyos, Jeremy C', ' Nanou, Chryssie', ' Wetzel, David', ' Boyle, Mcgregor']"
Unknown,Neuroacoustics: Intergrating The Strengths Of Computer Technology And Human Biology Through Music,"['Unknown, Unknown']"
Julien-Robert,Interactive Video In Performance,"['Martyne, Krista', ' Salvail, Julien-Robert L.']"
Parl,Radical Computer Music,"['Vester, Parl K. B.']"
Naotoshi,Founding Of The Asia Computer Music Project,"['Osaka, Naotoshi', ' Shin, Seongah', ' Wyse, Lonce']"
Seongah,Founding Of The Asia Computer Music Project,"['Osaka, Naotoshi', ' Shin, Seongah', ' Wyse, Lonce']"
Lonce,Founding Of The Asia Computer Music Project,"['Osaka, Naotoshi', ' Shin, Seongah', ' Wyse, Lonce']"
Chikashi,Peacock: A Non-Haptic 3D Performance Interface,"['Miyama, Chikashi']"
Tertuliano,Plane Tessellation With Musical Scale Tiles And Bidimensional Automatic Composition,"['Cicconet, Marcelo', ' Franco, Tertuliano', ' Carvalho, Paulo Cezar']"
Hsin-Ming,An Algorithmic Composition Method Of Monophonic Pitches Based On The Frequency Relationship Of Melody Motion,"['Lin, Hsin-Ming', ' Huang, Chih-Fang']"
Chih-Fang,An Algorithmic Composition Method Of Monophonic Pitches Based On The Frequency Relationship Of Melody Motion,"['Lin, Hsin-Ming', ' Huang, Chih-Fang']"
Meason,The Machine Orchestra,"['Kapur, Ajay', ' Darling, Michael', ' Wiley, Meason', ' Vallis, Owen', ' Hochenbaum, Jordan', ' Murphy, Jim', ' Diakopoulos, Dimitri', ' Burgin, Carl', ' Yamin, Tyler']"
Naotoshi,An Electronic Timbre Dictionary and 3D Timbre Display,"['Osaka, Naotoshi', ' Saito, Yoshinori', ' Ishitsuka, Shinya', ' Yoshioka, Yasuhiro']"
Diemo,Scalability in Content-Based Navigation of Sound Databases,"['Schwarz, Diemo', ' Schnell, Norbert', ' Gulluni, Sebastien']"
Min-Joon,Automatic Musical Fountain Scenario Generation Using Musical Information Analysis,"['Yoo, Min-Joon', ' Lee, In-Kwon']"
In-Kwon,Automatic Musical Fountain Scenario Generation Using Musical Information Analysis,"['Yoo, Min-Joon', ' Lee, In-Kwon']"
Tomohisa,ScoreIlluminator: Automatic Illumination of Orchestra Scores for Readability Improvement,"['Matsubara, Masaki', ' Okamoto, Hiroyuki', ' Sano, Tomohisa', ' Susuki, Hiroya', ' Nobesawa, Shiho Hoshi', ' Saito, Hiroaki']"
Sever,SoundMaker: a Web-Based Teaching Tool for Sound Design,"['Cavis, Ryan', ' Tipei, Sever', ' Kindratenko, Volodymyr']"
Zhiye,Not Just Prettier: FMS Marches On,"['Park, Tae Hong', ' Li, Zhiye']"
Diemo,Corpus-Based Transcription as an Approach to the Compositional Control of Timbre,"['Einbond, Aaron', ' Schwarz, Diemo', ' Bresson, Jean']"
Otthein,Music Analysis and Spectral Modeling Based on Cubic B-Splines,"['M\xc3\xb6hlmann, Daniel', ' Herzog, Otthein', ' Wagner, Thomas']"
Suk-Jun,Imaginal Listening and Phenomena of Sound-Images in Electroacoustic Music,"['Kim, Suk-Jun']"
Diemo,MuBu and Friends – Assembling Tools for Content Based Real-Time Interactive Audio Processing in Max/MSP,"['Schnell, Norbert', ' R\xc3\xb6bel, Axel', ' Schwarz, Diemo', ' Peeters, Geoffroy', ' Borghesi, Riccardo']"
Lonce,Bridges for Networked Musical Ensembles,"['Wyse, Lonce', ' Mitani, Norikazu']"
Kaïs,The Pre-Production Process of New York Counterpoint for Clarinet and Tape Written by Steve Reich,"['Pras, Amandine', ' F\xc3\xa9ron, Fran\xc3\xa7ois-Xavier', ' Demers, Ka\xc3\xafs']"
Yupeng,Orchestral Accompaniment for a Reproducing Piano,"['Raphael, Christopher', ' Gu, Yupeng']"
Juan-Pablo,JackTrip: Under the Hood of an Engine for Network Audio,"['C\xc3\xa1ceres, Juan-Pablo', ' Chafe, Chris']"
Chryssie,For Jean-Claude: [re]Presenting Duet for One Pianist,"['Nanou, Chryssie', ' Hamilton, Robert']"
Shiau-uen,Rhythmic Practice in Music for Small Ensemble and Tape,"['Ding, Shiau-uen']"
António,TOWARDS BI-DIMENSIONAL CLASSIFICATION OF SYMBOLIC MUSIC BY AFFECTIVE CONTENT,"['Oliveira, Ant\xc3\xb3nio Pedro', ' Cardoso, Am\xc3\xadlcar']"
Amílcar,TOWARDS BI-DIMENSIONAL CLASSIFICATION OF SYMBOLIC MUSIC BY AFFECTIVE CONTENT,"['Oliveira, Ant\xc3\xb3nio Pedro', ' Cardoso, Am\xc3\xadlcar']"
Min-Joon,PATTERN-SPECIFIC PIANO EXERCISE RETRIEVAL,"['Yoo, Min-Joon', ' Lee, In-Kwon']"
In-Kwon,PATTERN-SPECIFIC PIANO EXERCISE RETRIEVAL,"['Yoo, Min-Joon', ' Lee, In-Kwon']"
Juan-Pablo,PLAYING THE NETWORK: THE USE OF TIME DELAYS AS MUSICAL DEVICES,"['C\xc3\xa1ceres, Juan-Pablo', ' Renaud, Alain B.']"
Gascia,THE SPATIAL POLITICS OF RADIO: ANNA FRIZ’S CRITICAL UTOPIAS,"['Ouzounian, Gascia']"
Naotoshi,CONSTRUCTION OF AN ELECTRONIC TIMBRE DICTIONARY FOR ENVIRONMENTAL SOUNDS BY TIMBRE SYMBOL,"['Kobayashi, Yohei', ' Osaka, Naotoshi']"
Jean-Julien,"VISUAL AND SOUND GENERATION DRIVEN BY BRAIN, HEART AND RESPIRATION SIGNALS","['Filatriau, Jean-Julien', ' Kessous, Loic']"
Cléo,INTERACTIVE COMPOSITION AND IMPROVISATION ON THE HYPER-FLUTE,"['Palacio-Quintin, Cl\xc3\xa9o', ' Zadel, Mark']"
Chrisoula,TOWARDS THE IMPLEMENTATION OF A GENERIC PLATFORM FOR NETWORKED MUSIC PERFORMANCE: THE DIAMOUSES APPROACH,"['Alexandraki, Chrisoula', ' Koutlemanis, Panayotis', ' Gasteratos, Petros', ' Valsamakis, Nikolas', ' Akoumianakis, Demosthenes', ' Milolidakis, Giannis']"
Luís,STUDIO REPORT: DIGITÓPIA AT CASA DA MÚSICA,"['Penha, Rui', ' Rodrigues, Paulo M.', ' Gouyon, Fabien', ' Martins, Lu\xc3\xads Gustavo', ' Guedes, Carlos', ' Barbosa, \xc3\x81lvaro']"
Chunghsin,INTRODUCING ASANNOTATION: A TOOL FOR SOUND ANALYSIS AND ANNOTATION,"['Bogaards, Niels', ' Yeh, Chunghsin', ' Burred, Juan Jos\xc3\xa9']"
Diemo,WHAT NEXT? CONTINUATION IN REAL-TIME CORPUS-BASED CONCATENATIVE SYNTHESIS,"['Schwarz, Diemo', ' Cadars, Sylvain', ' Schnell, Norbert']"
Unknown,INTEROPERABILITY AND THE MARSYAS 0.2 RUNTIME,"['Tzanetakis, George', ' Jones, Randy', ' Castillo, Unknown', ' Martins, Luis Gustavo', ' Teixeira, Luis F.', ' Lagrange, Mathieu']"
Zhiye,NOT JUST MORE FMS: TAKING IT TO THE NEXT LEVEL,"['Park, Tae Hong', ' Li, Zhiye', ' Biguenet, Jonathan']"
Iead,DRUM'N'BAYES: ON-LINE VARIATIONAL INFERENCE FOR BEAT TRACKING AND RHYTHM RECOGNITION,"['Fox, Charles', ' Rezek, Iead', ' Roberts, Stephen']"
Shunichi,RHYTHM INTERACTION SYSTEM BASED ON RHYTHM ASSOCIATION,"['Kasahara, Shunichi', ' Yamaguchi, Tomoyuki', ' Saegusa, Ryo', ' Hashimoto, Shuji']"
Diemo,MUSICAL APPLICATIONS OF REAL-TIME CORPUS-BASED CONCATENATIVE SYNTHESIS,"['Schwarz, Diemo', ' Britton, Sam', ' Cahen, Roland', ' Goepfer, Thomas']"
Solvi,PERCEPTUAL CATEGORIZATION OF MOVING SOUNDS FOR SYNTHESIS APPLICATIONS,"['Merer, Adrien', ' Ystad, Solvi', ' Kronland-Martinet, Richard', ' Aramaki, Mitsuko', ' Besson, Mireille', ' Velay, Jean-Luc']"
Tzimeas,A GA Tool for Computer Assisted Music Composition,"['Dimitrios, Tzimeas', ' Mangina, Eleni']"
Goffredo,PETRI NETS APPLICABILITY TO MUSIC ANALYSIS AND COMPOSITION,"['Barat\xc3\xa8, Adriano', ' Haus, Goffredo', ' Ludovico, Luca A.']"
Godfried,AN EXPERIMENTAL COMPARISON OF FORMAL MEASURES OF RHYTHMIC SYNCOPATION,"['G\xc3\xb3mez, Franciso', ' Thul, Eric', ' Toussaint, Godfried']"
Naotoshi,GENESYNTH: NOISE BAND-BASED GENETIC ALGORITHM ANALYSIS/SYNTHESIS FRAMEWORK,"['Chinen, Michael', ' Osaka, Naotoshi']"
Diemo,HOW MUSICAL ARE IMAGES? FROM SOUND REPRESENTATION TO IMAGE SONIFICATION: AN ECO SYSTEMIC APPROACH,"['Thiebaut, Jean-Baptiste', ' Bello, Juan Pablo', ' Schwarz, Diemo']"
Chih-Fang,DEVELOPING CHINESE STYLE ALGORITHMIC COMPOSITION USING MARKOV CHAINS ‒ FROM THE CLASSICAL CHINESE-POETRY PERSPECTIVE,"['Ren, Jenny', ' Winsor, Phil', ' Huang, Chih-Fang']"
Benoît,PERFORMANCE CONTROL OF A FLUTE PHYSICAL MODEL USING FUZZY LOGIC,"['de la Cuadra, Patricio', ' C\xc3\xa1diz, Rodrigo F.', ' Fabre, Beno\xc3\xaet', ' Montgermont, Nicolas']"
Mattieu,A HAND DRUMMING DATASET FOR PHYSICAL MODELING,"['Jones, Randy', ' Lagrange, Mattieu', ' Schloss, Andrew']"
Zhiyao,EXCITATION SIGNAL EXTRACTION FOR GUITAR TONES,"['Lee, Nelson', ' Duan, Zhiyao', ' Smith III, Julius O.']"
Haizhou,ON TIMBRE BASED PERCEPTUAL FEATURE FOR SINGER IDENTIFICATION,"['Khine, Swe Zin Kalayar', ' Nwe, Tin Lay', ' Li, Haizhou']"
Eunsu,APPLICATIONS OF ULTRASONIC SOUND BEAMS IN PERFORMANCE AND SOUND ART,"['Pampin, Juan', ' Kollin, Joel S.', ' Kang, Eunsu']"
Diemo,PANEL: THE NEED OF FORMATS FOR STREAMING AND STORING MUSIC-RELATED MOVEMENT AND GESTURE DATA,"['Jensenius, Alexander Refsum', ' Camurri, Antonio', ' Castagn\xc3\xa9, Nicolas', ' Maestre, Esteban', ' Malloch, Joseph', ' McGilvray, Douglas', ' Schwarz, Diemo', ' Wright, Matthew']"
Smilen,"COMBINING DJ SCRATCHING, TANGIBLE INTERFACES AND A PHYSICS-BASED MODEL OF FRICTION SOUNDS","['Hansen, Kjetil F.', ' Alonso, Marcos', ' Dimitrov, Smilen']"
Diemo,THE 3D AUGMENTED MIRROR: MOTION ANALYSIS FOR STRING PRACTICE TRAINING,"['Ng, Kia', ' Larkin, Oliver', ' Koerselman, Thijs', ' Ong, Bee', ' Schwarz, Diemo', ' Bevilacqua, Frederic']"
Morwaread,COMPOSING WITH HYPERSCORE: AN INTUITIVE INTERFACE FOR VISUALIZING MUSICAL STRUCTURE,"['Farbood, Morwaread', ' Kaufman, Henry', ' Jennings, Kevin']"
Ryoho,A MUSICAL FRAMEWORK WITH SWARMING ROBOTS,"['Uozumi, Yuta', ' Takahashi, Masato', ' Kobayashi, Ryoho']"
Henbing,SCORE-BASED CONTROL OF GUQIN SYNTHESIS,"['Laurson, Mikael', ' Kuuskankare, Mika', ' Penttinen, Henri', ' Li, Henbing']"
Plácido,"HARMONIC, MELODIC, AND FUNCTIONAL AUTOMATIC ANALYSIS","['Illescas, Pl\xc3\xa1cido R.', ' Rizo, David', ' I\xc3\xb1esta, Jos\xc3\xa9 M.']"
Chikashi,INTRODUCTION OF DIPS3 (VERSION 2) FOR MAX/MSP,"['Rai, Takayuki', ' Miyama, Chikashi', ' Matsuda, Shu', ' Hamano, Takayuki', ' Fukuda, Takuto', ' Morimoto, Yota']"
Munetatsu,RECOGNITION OF PHYSICAL MOTION PATTERN USING STOCHASTIC PETRI NETS FOR SOUND SYNTHESIS,"['Go, Munetatsu', ' Osaka, Naotoshi']"
Naotoshi,RECOGNITION OF PHYSICAL MOTION PATTERN USING STOCHASTIC PETRI NETS FOR SOUND SYNTHESIS,"['Go, Munetatsu', ' Osaka, Naotoshi']"
Barkin,THE CARNEGIE MELLON LAPTOP ORCHESTRA,"['Dannenberg, Roger B.', ' Cavaco, Sofia', ' Ang, Eugene', ' Avramovic, Igor', ' Aygun, Barkin', ' Baek, Jinwook', ' Barndollar, Eric', ' Duterte, Daniel', ' Grafton, Jeffrey', ' Hunter, Robert', ' Jackson, Chris', ' Kurokawa, Umpei', ' Makuck, Daren', ' Mierzejewski, Timothy', ' Rivera, Michael', ' Torres, Dennis', ' Yu, Apphia']"
Jinwook,THE CARNEGIE MELLON LAPTOP ORCHESTRA,"['Dannenberg, Roger B.', ' Cavaco, Sofia', ' Ang, Eugene', ' Avramovic, Igor', ' Aygun, Barkin', ' Baek, Jinwook', ' Barndollar, Eric', ' Duterte, Daniel', ' Grafton, Jeffrey', ' Hunter, Robert', ' Jackson, Chris', ' Kurokawa, Umpei', ' Makuck, Daren', ' Mierzejewski, Timothy', ' Rivera, Michael', ' Torres, Dennis', ' Yu, Apphia']"
Apphia,THE CARNEGIE MELLON LAPTOP ORCHESTRA,"['Dannenberg, Roger B.', ' Cavaco, Sofia', ' Ang, Eugene', ' Avramovic, Igor', ' Aygun, Barkin', ' Baek, Jinwook', ' Barndollar, Eric', ' Duterte, Daniel', ' Grafton, Jeffrey', ' Hunter, Robert', ' Jackson, Chris', ' Kurokawa, Umpei', ' Makuck, Daren', ' Mierzejewski, Timothy', ' Rivera, Michael', ' Torres, Dennis', ' Yu, Apphia']"
Zhiye,FEATURE MODULATION SYNTHESIS (FMS),"['Park, Tae Hong', ' Biguenet, Jonathan', ' Li, Zhiye', ' Richardson, Conner', ' Scharr, Travis']"
Sever,"MANIFOLD COMPOSITIONS: FORMAL CONTROL, INTUITION, AND THE CASE FOR COMPREHENSIVE SOFTWARE.","['Tipei, Sever']"
Yi-Tso,THE METHODOLOGY AND RESEARCH OF THE INTERACTIVE INTERMEDIA ART USING THE GYROSCOPE SENSOR FOR SOUND AND VISION,"['Chen, Yi-Tso', ' Huang, Chih-Fang']"
Chih-Fang,THE METHODOLOGY AND RESEARCH OF THE INTERACTIVE INTERMEDIA ART USING THE GYROSCOPE SENSOR FOR SOUND AND VISION,"['Chen, Yi-Tso', ' Huang, Chih-Fang']"
Jehan-Julien,VIRTUAL OBJECTS AS MEDIATION BETWEEN SONIC TEXTURES AND INTERACTIVE GESTURES,"['Filatriau, Jehan-Julien', ' Arfib, Daniel', ' Glowinski, Donald', ' Volpe, Gualtiero']"
Yoshinari,Design and Implementation of a Real-Time Fingering Detection System for Piano Performance,"['Takegawa, Yoshinari', ' Terada, Tsutomu', ' Nishio, Shojiro']"
Shojiro,Design and Implementation of a Real-Time Fingering Detection System for Piano Performance,"['Takegawa, Yoshinari', ' Terada, Tsutomu', ' Nishio, Shojiro']"
Damián,Exploring Cognitive Process Through Music Composition,"['Lockhart, Adam', ' Keller, Dami\xc3\xa1n']"
Kyogu,Automatic Chord Recognition from Audio Using Enhanced Pitch Class Profile,"['Lee, Kyogu']"
Suguro,"An Application of The System, ""BodySuit"" and ""RoboticMusic"" - Its Introduction and Aesthetics","['Goto, Suguro']"
Lonce,Real-time synchronization of independently controlled phasors,"['Wyse, Lonce']"
Min-Joon,Musical Tension Curves and its Applications,"['Yoo, Min-Joon', ' Lee, In-Kwon']"
In-Kwon,Musical Tension Curves and its Applications,"['Yoo, Min-Joon', ' Lee, In-Kwon']"
Takefumi,Score Following of Orchestral Music Using Acoustic Pressure Peak-Tracking and Linear Stretch Matching,"['Miura, Takefumi', ' Akabane, Ayumu', ' Sato, Makoto', ' Tsuda, Takao', ' Inoue, Seiki']"
Ayumu,Score Following of Orchestral Music Using Acoustic Pressure Peak-Tracking and Linear Stretch Matching,"['Miura, Takefumi', ' Akabane, Ayumu', ' Sato, Makoto', ' Tsuda, Takao', ' Inoue, Seiki']"
Takao,Score Following of Orchestral Music Using Acoustic Pressure Peak-Tracking and Linear Stretch Matching,"['Miura, Takefumi', ' Akabane, Ayumu', ' Sato, Makoto', ' Tsuda, Takao', ' Inoue, Seiki']"
Henkjan,Evaluating and Extending Computational Models of Rhythmic Syncopation in Music,"['Smith, Leigh M.', ' Honing, Henkjan']"
Ryoho,Squawk: A Graphical Software for Spectral Audio Processing,"['Kobayashi, Ryoho']"
Henkjan,TIMING IS TEMPO-SPECIFIC,"['Honing, Henkjan']"
